dynamischesDate;Index;Uhrzeit;KF_Station_01_Stall1_Silo_1;KF_Station_01_Stall1_Silo_2;KF_Station_01_Stall1_Silo_3;KF_Station_01_Stall1_Silo_4;KF_Station_02_Stall1_Silo_1;KF_Station_02_Stall1_Silo_2;KF_Station_02_Stall1_Silo_3;KF_Station_02_Stall1_Silo_4;KF_Station_03_Stall2_Silo_1;KF_Station_03_Stall2_Silo_2;KF_Station_03_Stall2_Silo_3;KF_Station_03_Stall2_Silo_4;KF_Station_04_Stall2_Silo_1;KF_Station_04_Stall2_Silo_2;KF_Station_04_Stall2_Silo_3;KF_Station_04_Stall2_Silo_4;KF_Station_09_Stall3_Silo_5;KF_Station_09_Stall3_Silo_6;KF_Station_09_Stall3_Silo_7;KF_Station_09_Stall3_Silo_8;KF_Station_10_Stall3_Silo_5;KF_Station_10_Stall3_Silo_6;KF_Station_10_Stall3_Silo_7;KF_Station_10_Stall3_Silo_8;KF_Station_11_Stall4_Silo_5;KF_Station_11_Stall4_Silo_6;KF_Station_11_Stall4_Silo_7;KF_Station_11_Stall4_Silo_8;KF_Station_12_Stall4_Silo_5;KF_Station_12_Stall4_Silo_6;KF_Station_12_Stall4_Silo_7;KF_Station_12_Stall4_Silo_8
01.01.2021;1;12:00;1000;1000;1000;1000;1000;1000;1000;1000;1000;1000;1000;1000;1000;1000;1000;1000;1000;1000;1000;1000;1000;1000;1000;1000;1000;1000;1000;1000;1000;1000;1000;1000
02.01.2021;2;;;;;;;;;;;;;;;;;;;;;;;;;;;;;;;;;
03.01.2021;3;;;;;;;;;;;;;;;;;;;;;;;;;;;;;;;;;
04.01.2021;4;;;;;;;;;;;;;;;;;;;;;;;;;;;;;;;;;
05.01.2021;5;;;;;;;;;;;;;;;;;;;;;;;;;;;;;;;;;
06.01.2021;6;;;;;;;;;;;;;;;;;;;;;;;;;;;;;;;;;
07.01.2021;7;;;;;;;;;;;;;;;;;;;;;;;;;;;;;;;;;
08.01.2021;8;;;;;;;;;;;;;;;;;;;;;;;;;;;;;;;;;
09.01.2021;9;;;;;;;;;;;;;;;;;;;;;;;;;;;;;;;;;
10.01.2021;10;;;;;;;;;;;;;;;;;;;;;;;;;;;;;;;;;
11.01.2021;11;;;;;;;;;;;;;;;;;;;;;;;;;;;;;;;;;
12.01.2021;12;;;;;;;;;;;;;;;;;;;;;;;;;;;;;;;;;
13.01.2021;13;;;;;;;;;;;;;;;;;;;;;;;;;;;;;;;;;
14.01.2021;14;;;;;;;;;;;;;;;;;;;;;;;;;;;;;;;;;
15.01.2021;15;;;;;;;;;;;;;;;;;;;;;;;;;;;;;;;;;
16.01.2021;16;;;;;;;;;;;;;;;;;;;;;;;;;;;;;;;;;
17.01.2021;17;;;;;;;;;;;;;;;;;;;;;;;;;;;;;;;;;
18.01.2021;18;;;;;;;;;;;;;;;;;;;;;;;;;;;;;;;;;
19.01.2021;19;;;;;;;;;;;;;;;;;;;;;;;;;;;;;;;;;
20.01.2021;20;;;;;;;;;;;;;;;;;;;;;;;;;;;;;;;;;
21.01.2021;21;;;;;;;;;;;;;;;;;;;;;;;;;;;;;;;;;
22.01.2021;22;;;;;;;;;;;;;;;;;;;;;;;;;;;;;;;;;
23.01.2021;23;;;;;;;;;;;;;;;;;;;;;;;;;;;;;;;;;
24.01.2021;24;;;;;;;;;;;;;;;;;;;;;;;;;;;;;;;;;
25.01.2021;25;;;;;;;;;;;;;;;;;;;;;;;;;;;;;;;;;
26.01.2021;26;;;;;;;;;;;;;;;;;;;;;;;;;;;;;;;;;
27.01.2021;27;;;;;;;;;;;;;;;;;;;;;;;;;;;;;;;;;
28.01.2021;28;;;;;;;;;;;;;;;;;;;;;;;;;;;;;;;;;
29.01.2021;29;;;;;;;;;;;;;;;;;;;;;;;;;;;;;;;;;
30.01.2021;30;;;;;;;;;;;;;;;;;;;;;;;;;;;;;;;;;
31.01.2021;31;;;;;;;;;;;;;;;;;;;;;;;;;;;;;;;;;
01.02.2021;32;12:00;;;;;;;;;;;;;;;;;1352;;1171;;1282;;1153;;1424;;1200;;1473;;1137;
02.02.2021;33;;;;;;;;;;;;;;;;;;;;;;;;;;;;;;;;;
03.02.2021;34;;;;;;;;;;;;;;;;;;;;;;;;;;;;;;;;;
04.02.2021;35;;;;;;;;;;;;;;;;;;;;;;;;;;;;;;;;;
05.02.2021;36;;;;;;;;;;;;;;;;;;;;;;;;;;;;;;;;;
06.02.2021;37;;;;;;;;;;;;;;;;;;;;;;;;;;;;;;;;;
07.02.2021;38;;;;;;;;;;;;;;;;;;;;;;;;;;;;;;;;;
08.02.2021;39;;;;;;;;;;;;;;;;;;;;;;;;;;;;;;;;;
09.02.2021;40;;;;;;;;;;;;;;;;;;;;;;;;;;;;;;;;;
10.02.2021;41;;;;;;;;;;;;;;;;;;;;;;;;;;;;;;;;;
11.02.2021;42;;;;;;;;;;;;;;;;;;;;;;;;;;;;;;;;;
12.02.2021;43;;;;;;;;;;;;;;;;;;;;;;;;;;;;;;;;;
13.02.2021;44;;;;;;;;;;;;;;;;;;;;;;;;;;;;;;;;;
14.02.2021;45;;;;;;;;;;;;;;;;;;;;;;;;;;;;;;;;;
15.02.2021;46;;;;;;;;;;;;;;;;;;;;;;;;;;;;;;;;;
16.02.2021;47;;;;;;;;;;;;;;;;;;;;;;;;;;;;;;;;;
17.02.2021;48;;;;;;;;;;;;;;;;;;;;;;;;;;;;;;;;;
18.02.2021;49;12:00;;;;;;;;;;;;;;;;;679;;1095;;658;;1379;;713;;829;;634;;847;
19.02.2021;50;;;;;;;;;;;;;;;;;;;;;;;;;;;;;;;;;
20.02.2021;51;;;;;;;;;;;;;;;;;;;;;;;;;;;;;;;;;
21.02.2021;52;;;;;;;;;;;;;;;;;;;;;;;;;;;;;;;;;
22.02.2021;53;;;;;;;;;;;;;;;;;;;;;;;;;;;;;;;;;
23.02.2021;54;;;;;;;;;;;;;;;;;;;;;;;;;;;;;;;;;
24.02.2021;55;;;;;;;;;;;;;;;;;;;;;;;;;;;;;;;;;
25.02.2021;56;12:00;;;;;;;;;;;;;;;;;1022;;1021;;1033;;991;;963;;968;;1029;;970;
26.02.2021;57;;;;;;;;;;;;;;;;;;;;;;;;;;;;;;;;;
27.02.2021;58;;;;;;;;;;;;;;;;;;;;;;;;;;;;;;;;;
28.02.2021;59;;;;;;;;;;;;;;;;;;;;;;;;;;;;;;;;;
01.03.2021;60;12:00;979;918;;;1009;1088;;;1014;1028;;;1014;1046;;;;;;;;;;;;;;;;;;
02.03.2021;61;;;;;;;;;;;;;;;;;;;;;;;;;;;;;;;;;
03.03.2021;62;;;;;;;;;;;;;;;;;;;;;;;;;;;;;;;;;
04.03.2021;63;12:00;;;;;;;;;;;;;;;;;997;;1004;;1025;;1031;;968;;1022;;1022;;1017;
05.03.2021;64;;;;;;;;;;;;;;;;;;;;;;;;;;;;;;;;;
06.03.2021;65;;;;;;;;;;;;;;;;;;;;;;;;;;;;;;;;;
07.03.2021;66;;;;;;;;;;;;;;;;;;;;;;;;;;;;;;;;;
08.03.2021;67;;;;;;;;;;;;;;;;;;;;;;;;;;;;;;;;;
09.03.2021;68;;;;;;;;;;;;;;;;;;;;;;;;;;;;;;;;;
10.03.2021;69;;;;;;;;;;;;;;;;;;;;;;;;;;;;;;;;;
11.03.2021;70;;;;;;;;;;;;;;;;;;;;;;;;;;;;;;;;;
12.03.2021;71;12:00;;;;;;;;;;;;;;;;;1113;;1036;;1039;;1134;;993;;1007;;1013;;1003;
13.03.2021;72;;;;;;;;;;;;;;;;;;;;;;;;;;;;;;;;;
14.03.2021;73;;;;;;;;;;;;;;;;;;;;;;;;;;;;;;;;;
15.03.2021;74;;;;;;;;;;;;;;;;;;;;;;;;;;;;;;;;;
16.03.2021;75;;;;;;;;;;;;;;;;;;;;;;;;;;;;;;;;;
17.03.2021;76;;;;;;;;;;;;;;;;;;;;;;;;;;;;;;;;;
18.03.2021;77;;;;;;;;;;;;;;;;;;;;;;;;;;;;;;;;;
19.03.2021;78;12:00;;;;;;;;;;;;;;;;;1011;;997;;1050;;1021;;982;;989;;1024;;952;
20.03.2021;79;;;;;;;;;;;;;;;;;;;;;;;;;;;;;;;;;
21.03.2021;80;;;;;;;;;;;;;;;;;;;;;;;;;;;;;;;;;
22.03.2021;81;;;;;;;;;;;;;;;;;;;;;;;;;;;;;;;;;
23.03.2021;82;;;;;;;;;;;;;;;;;;;;;;;;;;;;;;;;;
24.03.2021;83;;;;;;;;;;;;;;;;;;;;;;;;;;;;;;;;;
25.03.2021;84;;;;;;;;;;;;;;;;;;;;;;;;;;;;;;;;;
26.03.2021;85;;;;;;;;;;;;;;;;;;;;;;;;;;;;;;;;;
27.03.2021;86;;;;;;;;;;;;;;;;;;;;;;;;;;;;;;;;;
28.03.2021;87;;;;;;;;;;;;;;;;;;;;;;;;;;;;;;;;;
29.03.2021;88;12:00;;;;;;;;;;;;;;;;;1079;979;;;987;945;;;1058;899;;;1093;938;;
30.03.2021;89;12:00;903;1003;;;923;985;;;955;1054;;;946;1033;;;;;;;;;;;;;;;;;;
31.03.2021;90;;;;;;;;;;;;;;;;;;;;;;;;;;;;;;;;;
01.04.2021;91;;;;;;;;;;;;;;;;;;;;;;;;;;;;;;;;;
02.04.2021;92;;;;;;;;;;;;;;;;;;;;;;;;;;;;;;;;;
03.04.2021;93;;;;;;;;;;;;;;;;;;;;;;;;;;;;;;;;;
04.04.2021;94;;;;;;;;;;;;;;;;;;;;;;;;;;;;;;;;;
05.04.2021;95;;;;;;;;;;;;;;;;;;;;;;;;;;;;;;;;;
06.04.2021;96;;;;;;;;;;;;;;;;;;;;;;;;;;;;;;;;;
07.04.2021;97;;;;;;;;;;;;;;;;;;;;;;;;;;;;;;;;;
08.04.2021;98;;;;;;;;;;;;;;;;;;;;;;;;;;;;;;;;;
09.04.2021;99;;;;;;;;;;;;;;;;;;;;;;;;;;;;;;;;;
10.04.2021;100;;;;;;;;;;;;;;;;;;;;;;;;;;;;;;;;;
11.04.2021;101;;;;;;;;;;;;;;;;;;;;;;;;;;;;;;;;;
12.04.2021;102;;;;;;;;;;;;;;;;;;;;;;;;;;;;;;;;;
13.04.2021;103;;;;;;;;;;;;;;;;;;;;;;;;;;;;;;;;;
14.04.2021;104;;;;;;;;;;;;;;;;;;;;;;;;;;;;;;;;;
15.04.2021;105;;;;;;;;;;;;;;;;;;;;;;;;;;;;;;;;;
16.04.2021;106;;;;;;;;;;;;;;;;;;;;;;;;;;;;;;;;;
17.04.2021;107;;;;;;;;;;;;;;;;;;;;;;;;;;;;;;;;;
18.04.2021;108;;;;;;;;;;;;;;;;;;;;;;;;;;;;;;;;;
19.04.2021;109;;;;;;;;;;;;;;;;;;;;;;;;;;;;;;;;;
20.04.2021;110;;;;;;;;;;;;;;;;;;;;;;;;;;;;;;;;;
21.04.2021;111;;;;;;;;;;;;;;;;;;;;;;;;;;;;;;;;;
22.04.2021;112;;;;;;;;;;;;;;;;;;;;;;;;;;;;;;;;;
23.04.2021;113;;;;;;;;;;;;;;;;;;;;;;;;;;;;;;;;;
24.04.2021;114;;;;;;;;;;;;;;;;;;;;;;;;;;;;;;;;;
25.04.2021;115;;;;;;;;;;;;;;;;;;;;;;;;;;;;;;;;;
26.04.2021;116;;;;;;;;;;;;;;;;;;;;;;;;;;;;;;;;;
27.04.2021;117;;;;;;;;;;;;;;;;;;;;;;;;;;;;;;;;;
28.04.2021;118;;;;;;;;;;;;;;;;;;;;;;;;;;;;;;;;;
29.04.2021;119;;;;;;;;;;;;;;;;;;;;;;;;;;;;;;;;;
30.04.2021;120;;;;;;;;;;;;;;;;;;;;;;;;;;;;;;;;;
01.05.2021;121;;;;;;;;;;;;;;;;;;;;;;;;;;;;;;;;;
02.05.2021;122;;;;;;;;;;;;;;;;;;;;;;;;;;;;;;;;;
03.05.2021;123;;;;;;;;;;;;;;;;;;;;;;;;;;;;;;;;;
04.05.2021;124;;;;;;;;;;;;;;;;;;;;;;;;;;;;;;;;;
05.05.2021;125;;;;;;;;;;;;;;;;;;;;;;;;;;;;;;;;;
06.05.2021;126;;;;;;;;;;;;;;;;;;;;;;;;;;;;;;;;;
07.05.2021;127;;;;;;;;;;;;;;;;;;;;;;;;;;;;;;;;;
08.05.2021;128;;;;;;;;;;;;;;;;;;;;;;;;;;;;;;;;;
09.05.2021;129;;;;;;;;;;;;;;;;;;;;;;;;;;;;;;;;;
10.05.2021;130;;;;;;;;;;;;;;;;;;;;;;;;;;;;;;;;;
11.05.2021;131;;;;;;;;;;;;;;;;;;;;;;;;;;;;;;;;;
12.05.2021;132;;;;;;;;;;;;;;;;;;;;;;;;;;;;;;;;;
13.05.2021;133;;;;;;;;;;;;;;;;;;;;;;;;;;;;;;;;;
14.05.2021;134;;;;;;;;;;;;;;;;;;;;;;;;;;;;;;;;;
15.05.2021;135;;;;;;;;;;;;;;;;;;;;;;;;;;;;;;;;;
16.05.2021;136;;;;;;;;;;;;;;;;;;;;;;;;;;;;;;;;;
17.05.2021;137;;;;;;;;;;;;;;;;;;;;;;;;;;;;;;;;;
18.05.2021;138;;;;;;;;;;;;;;;;;;;;;;;;;;;;;;;;;
19.05.2021;139;;;;;;;;;;;;;;;;;;;;;;;;;;;;;;;;;
20.05.2021;140;12:00;979;876;;;964;964;;;896;923;;;1082;832;;;828;1071;;;905;1022;;;806;1022;;;905;962;;
21.05.2021;141;;;;;;;;;;;;;;;;;;;;;;;;;;;;;;;;;
22.05.2021;142;;;;;;;;;;;;;;;;;;;;;;;;;;;;;;;;;
23.05.2021;143;;;;;;;;;;;;;;;;;;;;;;;;;;;;;;;;;
24.05.2021;144;;;;;;;;;;;;;;;;;;;;;;;;;;;;;;;;;
25.05.2021;145;;;;;;;;;;;;;;;;;;;;;;;;;;;;;;;;;
26.05.2021;146;;;;;;;;;;;;;;;;;;;;;;;;;;;;;;;;;
27.05.2021;147;12:00;993;1070;;;1040;979;;;1040;1010;;;1050;1120;;;1110;894;;;1010;1060;;;1030;1040;;;1040;982;;
28.05.2021;148;;;;;;;;;;;;;;;;;;;;;;;;;;;;;;;;;
29.05.2021;149;;;;;;;;;;;;;;;;;;;;;;;;;;;;;;;;;
30.05.2021;150;;;;;;;;;;;;;;;;;;;;;;;;;;;;;;;;;
31.05.2021;151;;;;;;;;;;;;;;;;;;;;;;;;;;;;;;;;;
01.06.2021;152;;;;;;;;;;;;;;;;;;;;;;;;;;;;;;;;;
02.06.2021;153;;;;;;;;;;;;;;;;;;;;;;;;;;;;;;;;;
03.06.2021;154;12:00;1117;1173;;;1156;1187;;;1144;1202;;;1115;1202;;;1132;1094;;;1144;1081;;;1160;1130;;;1104;1056;;
04.06.2021;155;;;;;;;;;;;;;;;;;;;;;;;;;;;;;;;;;
05.06.2021;156;;;;;;;;;;;;;;;;;;;;;;;;;;;;;;;;;
06.06.2021;157;;;;;;;;;;;;;;;;;;;;;;;;;;;;;;;;;
07.06.2021;158;;;;;;;;;;;;;;;;;;;;;;;;;;;;;;;;;
08.06.2021;159;;;;;;;;;;;;;;;;;;;;;;;;;;;;;;;;;
09.06.2021;160;;;;;;;;;;;;;;;;;;;;;;;;;;;;;;;;;
10.06.2021;161;12:00;974;976;;;1020;948;;;1008;914;;;1012;934;;;1156;1016;;;1004;944;;;1056;1003;;;1197;978;;
11.06.2021;162;;;;;;;;;;;;;;;;;;;;;;;;;;;;;;;;;
12.06.2021;163;;;;;;;;;;;;;;;;;;;;;;;;;;;;;;;;;
13.06.2021;164;;;;;;;;;;;;;;;;;;;;;;;;;;;;;;;;;
14.06.2021;165;;;;;;;;;;;;;;;;;;;;;;;;;;;;;;;;;
15.06.2021;166;;;;;;;;;;;;;;;;;;;;;;;;;;;;;;;;;
16.06.2021;167;;;;;;;;;;;;;;;;;;;;;;;;;;;;;;;;;
17.06.2021;168;12:00;1077;1004;;;1026;983;;;1101;1033;;;1057;1007;;;985;1053;;;986;975;;;1044;1002;;;1092;965;;
18.06.2021;169;;;;;;;;;;;;;;;;;;;;;;;;;;;;;;;;;
19.06.2021;170;;;;;;;;;;;;;;;;;;;;;;;;;;;;;;;;;
20.06.2021;171;;;;;;;;;;;;;;;;;;;;;;;;;;;;;;;;;
21.06.2021;172;;;;;;;;;;;;;;;;;;;;;;;;;;;;;;;;;
22.06.2021;173;;;;;;;;;;;;;;;;;;;;;;;;;;;;;;;;;
23.06.2021;174;;;;;;;;;;;;;;;;;;;;;;;;;;;;;;;;;
24.06.2021;175;;;;;;;;;;;;;;;;;;;;;;;;;;;;;;;;;
25.06.2021;176;;;;;;;;;;;;;;;;;;;;;;;;;;;;;;;;;
26.06.2021;177;;;;;;;;;;;;;;;;;;;;;;;;;;;;;;;;;
27.06.2021;178;;;;;;;;;;;;;;;;;;;;;;;;;;;;;;;;;
28.06.2021;179;;;;;;;;;;;;;;;;;;;;;;;;;;;;;;;;;
29.06.2021;180;;;;;;;;;;;;;;;;;;;;;;;;;;;;;;;;;
30.06.2021;181;;;;;;;;;;;;;;;;;;;;;;;;;;;;;;;;;
01.07.2021;182;;;;;;;;;;;;;;;;;;;;;;;;;;;;;;;;;
02.07.2021;183;;;;;;;;;;;;;;;;;;;;;;;;;;;;;;;;;
03.07.2021;184;;;;;;;;;;;;;;;;;;;;;;;;;;;;;;;;;
04.07.2021;185;;;;;;;;;;;;;;;;;;;;;;;;;;;;;;;;;
05.07.2021;186;;;;;;;;;;;;;;;;;;;;;;;;;;;;;;;;;
06.07.2021;187;;;;;;;;;;;;;;;;;;;;;;;;;;;;;;;;;
07.07.2021;188;;;;;;;;;;;;;;;;;;;;;;;;;;;;;;;;;
08.07.2021;189;;;;;;;;;;;;;;;;;;;;;;;;;;;;;;;;;
09.07.2021;190;;;;;;;;;;;;;;;;;;;;;;;;;;;;;;;;;
10.07.2021;191;;;;;;;;;;;;;;;;;;;;;;;;;;;;;;;;;
11.07.2021;192;;;;;;;;;;;;;;;;;;;;;;;;;;;;;;;;;
12.07.2021;193;;;;;;;;;;;;;;;;;;;;;;;;;;;;;;;;;
13.07.2021;194;;;;;;;;;;;;;;;;;;;;;;;;;;;;;;;;;
14.07.2021;195;;;;;;;;;;;;;;;;;;;;;;;;;;;;;;;;;
15.07.2021;196;;;;;;;;;;;;;;;;;;;;;;;;;;;;;;;;;
16.07.2021;197;;;;;;;;;;;;;;;;;;;;;;;;;;;;;;;;;
17.07.2021;198;;;;;;;;;;;;;;;;;;;;;;;;;;;;;;;;;
18.07.2021;199;;;;;;;;;;;;;;;;;;;;;;;;;;;;;;;;;
19.07.2021;200;;;;;;;;;;;;;;;;;;;;;;;;;;;;;;;;;
20.07.2021;201;;;;;;;;;;;;;;;;;;;;;;;;;;;;;;;;;
21.07.2021;202;;;;;;;;;;;;;;;;;;;;;;;;;;;;;;;;;
22.07.2021;203;;;;;;;;;;;;;;;;;;;;;;;;;;;;;;;;;
23.07.2021;204;;;;;;;;;;;;;;;;;;;;;;;;;;;;;;;;;
24.07.2021;205;;;;;;;;;;;;;;;;;;;;;;;;;;;;;;;;;
25.07.2021;206;;;;;;;;;;;;;;;;;;;;;;;;;;;;;;;;;
26.07.2021;207;;;;;;;;;;;;;;;;;;;;;;;;;;;;;;;;;
27.07.2021;208;;;;;;;;;;;;;;;;;;;;;;;;;;;;;;;;;
28.07.2021;209;;;;;;;;;;;;;;;;;;;;;;;;;;;;;;;;;
29.07.2021;210;;;;;;;;;;;;;;;;;;;;;;;;;;;;;;;;;
30.07.2021;211;;;;;;;;;;;;;;;;;;;;;;;;;;;;;;;;;
31.07.2021;212;;;;;;;;;;;;;;;;;;;;;;;;;;;;;;;;;
01.08.2021;213;;;;;;;;;;;;;;;;;;;;;;;;;;;;;;;;;
02.08.2021;214;;;;;;;;;;;;;;;;;;;;;;;;;;;;;;;;;
03.08.2021;215;;;;;;;;;;;;;;;;;;;;;;;;;;;;;;;;;
04.08.2021;216;;;;;;;;;;;;;;;;;;;;;;;;;;;;;;;;;
05.08.2021;217;;;;;;;;;;;;;;;;;;;;;;;;;;;;;;;;;
06.08.2021;218;12:00;813;876;;;849;867;;;;;;;883;1009;;;982;989;;;997;946;;;;;;;;;;
07.08.2021;219;;;;;;;;;;;;;;;;;;;;;;;;;;;;;;;;;
08.08.2021;220;;;;;;;;;;;;;;;;;;;;;;;;;;;;;;;;;
09.08.2021;221;;;;;;;;;;;;;;;;;;;;;;;;;;;;;;;;;
10.08.2021;222;;;;;;;;;;;;;;;;;;;;;;;;;;;;;;;;;
11.08.2021;223;;;;;;;;;;;;;;;;;;;;;;;;;;;;;;;;;
12.08.2021;224;;;;;;;;;;;;;;;;;;;;;;;;;;;;;;;;;
13.08.2021;225;;;;;;;;;;;;;;;;;;;;;;;;;;;;;;;;;
14.08.2021;226;;;;;;;;;;;;;;;;;;;;;;;;;;;;;;;;;
15.08.2021;227;;;;;;;;;;;;;;;;;;;;;;;;;;;;;;;;;
16.08.2021;228;;;;;;;;;;;;;;;;;;;;;;;;;;;;;;;;;
17.08.2021;229;;;;;;;;;;;;;;;;;;;;;;;;;;;;;;;;;
18.08.2021;230;;;;;;;;;;;;;;;;;;;;;;;;;;;;;;;;;
19.08.2021;231;;;;;;;;;;;;;;;;;;;;;;;;;;;;;;;;;
20.08.2021;232;;;;;;;;;;;;;;;;;;;;;;;;;;;;;;;;;
21.08.2021;233;;;;;;;;;;;;;;;;;;;;;;;;;;;;;;;;;
22.08.2021;234;;;;;;;;;;;;;;;;;;;;;;;;;;;;;;;;;
23.08.2021;235;;;;;;;;;;;;;;;;;;;;;;;;;;;;;;;;;
24.08.2021;236;;;;;;;;;;;;;;;;;;;;;;;;;;;;;;;;;
25.08.2021;237;;;;;;;;;;;;;;;;;;;;;;;;;;;;;;;;;
26.08.2021;238;;;;;;;;;;;;;;;;;;;;;;;;;;;;;;;;;
27.08.2021;239;;;;;;;;;;;;;;;;;;;;;;;;;;;;;;;;;
28.08.2021;240;;;;;;;;;;;;;;;;;;;;;;;;;;;;;;;;;
29.08.2021;241;;;;;;;;;;;;;;;;;;;;;;;;;;;;;;;;;
30.08.2021;242;;;;;;;;;;;;;;;;;;;;;;;;;;;;;;;;;
31.08.2021;243;;;;;;;;;;;;;;;;;;;;;;;;;;;;;;;;;
01.09.2021;244;;;;;;;;;;;;;;;;;;;;;;;;;;;;;;;;;
02.09.2021;245;;;;;;;;;;;;;;;;;;;;;;;;;;;;;;;;;
03.09.2021;246;;;;;;;;;;;;;;;;;;;;;;;;;;;;;;;;;
04.09.2021;247;;;;;;;;;;;;;;;;;;;;;;;;;;;;;;;;;
05.09.2021;248;;;;;;;;;;;;;;;;;;;;;;;;;;;;;;;;;
06.09.2021;249;;;;;;;;;;;;;;;;;;;;;;;;;;;;;;;;;
07.09.2021;250;;;;;;;;;;;;;;;;;;;;;;;;;;;;;;;;;
08.09.2021;251;;;;;;;;;;;;;;;;;;;;;;;;;;;;;;;;;
09.09.2021;252;;;;;;;;;;;;;;;;;;;;;;;;;;;;;;;;;
10.09.2021;253;;;;;;;;;;;;;;;;;;;;;;;;;;;;;;;;;
11.09.2021;254;;;;;;;;;;;;;;;;;;;;;;;;;;;;;;;;;
12.09.2021;255;;;;;;;;;;;;;;;;;;;;;;;;;;;;;;;;;
13.09.2021;256;;;;;;;;;;;;;;;;;;;;;;;;;;;;;;;;;
14.09.2021;257;;;;;;;;;;;;;;;;;;;;;;;;;;;;;;;;;
15.09.2021;258;;;;;;;;;;;;;;;;;;;;;;;;;;;;;;;;;
16.09.2021;259;;;;;;;;;;;;;;;;;;;;;;;;;;;;;;;;;
17.09.2021;260;;;;;;;;;;;;;;;;;;;;;;;;;;;;;;;;;
18.09.2021;261;;;;;;;;;;;;;;;;;;;;;;;;;;;;;;;;;
19.09.2021;262;;;;;;;;;;;;;;;;;;;;;;;;;;;;;;;;;
20.09.2021;263;;;;;;;;;;;;;;;;;;;;;;;;;;;;;;;;;
21.09.2021;264;;;;;;;;;;;;;;;;;;;;;;;;;;;;;;;;;
22.09.2021;265;;;;;;;;;;;;;;;;;;;;;;;;;;;;;;;;;
23.09.2021;266;;;;;;;;;;;;;;;;;;;;;;;;;;;;;;;;;
24.09.2021;267;;;;;;;;;;;;;;;;;;;;;;;;;;;;;;;;;
25.09.2021;268;;;;;;;;;;;;;;;;;;;;;;;;;;;;;;;;;
26.09.2021;269;;;;;;;;;;;;;;;;;;;;;;;;;;;;;;;;;
27.09.2021;270;;;;;;;;;;;;;;;;;;;;;;;;;;;;;;;;;
28.09.2021;271;;;;;;;;;;;;;;;;;;;;;;;;;;;;;;;;;
29.09.2021;272;;;;;;;;;;;;;;;;;;;;;;;;;;;;;;;;;
30.09.2021;273;;;;;;;;;;;;;;;;;;;;;;;;;;;;;;;;;
01.10.2021;274;;;;;;;;;;;;;;;;;;;;;;;;;;;;;;;;;
02.10.2021;275;;;;;;;;;;;;;;;;;;;;;;;;;;;;;;;;;
03.10.2021;276;;;;;;;;;;;;;;;;;;;;;;;;;;;;;;;;;
04.10.2021;277;;;;;;;;;;;;;;;;;;;;;;;;;;;;;;;;;
05.10.2021;278;;;;;;;;;;;;;;;;;;;;;;;;;;;;;;;;;
06.10.2021;279;;;;;;;;;;;;;;;;;;;;;;;;;;;;;;;;;
07.10.2021;280;;;;;;;;;;;;;;;;;;;;;;;;;;;;;;;;;
08.10.2021;281;;;;;;;;;;;;;;;;;;;;;;;;;;;;;;;;;
09.10.2021;282;;;;;;;;;;;;;;;;;;;;;;;;;;;;;;;;;
10.10.2021;283;;;;;;;;;;;;;;;;;;;;;;;;;;;;;;;;;
11.10.2021;284;;;;;;;;;;;;;;;;;;;;;;;;;;;;;;;;;
12.10.2021;285;12:00;;;;;979;806;;;959;987;;;863;957;;;1001;1001;;;1048;994;;;;;;;838;857;;
13.10.2021;286;;;;;;;;;;;;;;;;;;;;;;;;;;;;;;;;;
14.10.2021;287;;;;;;;;;;;;;;;;;;;;;;;;;;;;;;;;;
15.10.2021;288;;;;;;;;;;;;;;;;;;;;;;;;;;;;;;;;;
16.10.2021;289;;;;;;;;;;;;;;;;;;;;;;;;;;;;;;;;;
17.10.2021;290;;;;;;;;;;;;;;;;;;;;;;;;;;;;;;;;;
18.10.2021;291;;;;;;;;;;;;;;;;;;;;;;;;;;;;;;;;;
19.10.2021;292;;;;;;;;;;;;;;;;;;;;;;;;;;;;;;;;;
20.10.2021;293;;;;;;;;;;;;;;;;;;;;;;;;;;;;;;;;;
21.10.2021;294;;;;;;;;;;;;;;;;;;;;;;;;;;;;;;;;;
22.10.2021;295;;;;;;;;;;;;;;;;;;;;;;;;;;;;;;;;;
23.10.2021;296;;;;;;;;;;;;;;;;;;;;;;;;;;;;;;;;;
24.10.2021;297;;;;;;;;;;;;;;;;;;;;;;;;;;;;;;;;;
25.10.2021;298;;;;;;;;;;;;;;;;;;;;;;;;;;;;;;;;;
26.10.2021;299;;;;;;;;;;;;;;;;;;;;;;;;;;;;;;;;;
27.10.2021;300;;;;;;;;;;;;;;;;;;;;;;;;;;;;;;;;;
28.10.2021;301;;;;;;;;;;;;;;;;;;;;;;;;;;;;;;;;;
29.10.2021;302;;;;;;;;;;;;;;;;;;;;;;;;;;;;;;;;;
30.10.2021;303;;;;;;;;;;;;;;;;;;;;;;;;;;;;;;;;;
31.10.2021;304;;;;;;;;;;;;;;;;;;;;;;;;;;;;;;;;;
01.11.2021;305;;;;;;;;;;;;;;;;;;;;;;;;;;;;;;;;;
02.11.2021;306;;;;;;;;;;;;;;;;;;;;;;;;;;;;;;;;;
03.11.2021;307;;;;;;;;;;;;;;;;;;;;;;;;;;;;;;;;;
04.11.2021;308;;;;;;;;;;;;;;;;;;;;;;;;;;;;;;;;;
05.11.2021;309;;;;;;;;;;;;;;;;;;;;;;;;;;;;;;;;;
06.11.2021;310;;;;;;;;;;;;;;;;;;;;;;;;;;;;;;;;;
07.11.2021;311;;;;;;;;;;;;;;;;;;;;;;;;;;;;;;;;;
08.11.2021;312;;;;;;;;;;;;;;;;;;;;;;;;;;;;;;;;;
09.11.2021;313;;;;;;;;;;;;;;;;;;;;;;;;;;;;;;;;;
10.11.2021;314;;;;;;;;;;;;;;;;;;;;;;;;;;;;;;;;;
11.11.2021;315;;;;;;;;;;;;;;;;;;;;;;;;;;;;;;;;;
12.11.2021;316;;;;;;;;;;;;;;;;;;;;;;;;;;;;;;;;;
13.11.2021;317;;;;;;;;;;;;;;;;;;;;;;;;;;;;;;;;;
14.11.2021;318;;;;;;;;;;;;;;;;;;;;;;;;;;;;;;;;;
15.11.2021;319;;;;;;;;;;;;;;;;;;;;;;;;;;;;;;;;;
16.11.2021;320;;;;;;;;;;;;;;;;;;;;;;;;;;;;;;;;;
17.11.2021;321;;;;;;;;;;;;;;;;;;;;;;;;;;;;;;;;;
18.11.2021;322;;;;;;;;;;;;;;;;;;;;;;;;;;;;;;;;;
19.11.2021;323;;;;;;;;;;;;;;;;;;;;;;;;;;;;;;;;;
20.11.2021;324;;;;;;;;;;;;;;;;;;;;;;;;;;;;;;;;;
21.11.2021;325;;;;;;;;;;;;;;;;;;;;;;;;;;;;;;;;;
22.11.2021;326;;;;;;;;;;;;;;;;;;;;;;;;;;;;;;;;;
23.11.2021;327;;;;;;;;;;;;;;;;;;;;;;;;;;;;;;;;;
24.11.2021;328;;;;;;;;;;;;;;;;;;;;;;;;;;;;;;;;;
25.11.2021;329;;;;;;;;;;;;;;;;;;;;;;;;;;;;;;;;;
26.11.2021;330;;;;;;;;;;;;;;;;;;;;;;;;;;;;;;;;;
27.11.2021;331;;;;;;;;;;;;;;;;;;;;;;;;;;;;;;;;;
28.11.2021;332;;;;;;;;;;;;;;;;;;;;;;;;;;;;;;;;;
29.11.2021;333;;;;;;;;;;;;;;;;;;;;;;;;;;;;;;;;;
30.11.2021;334;;;;;;;;;;;;;;;;;;;;;;;;;;;;;;;;;
01.12.2021;335;;;;;;;;;;;;;;;;;;;;;;;;;;;;;;;;;
02.12.2021;336;;;;;;;;;;;;;;;;;;;;;;;;;;;;;;;;;
03.12.2021;337;;;;;;;;;;;;;;;;;;;;;;;;;;;;;;;;;
04.12.2021;338;;;;;;;;;;;;;;;;;;;;;;;;;;;;;;;;;
05.12.2021;339;;;;;;;;;;;;;;;;;;;;;;;;;;;;;;;;;
06.12.2021;340;;;;;;;;;;;;;;;;;;;;;;;;;;;;;;;;;
07.12.2021;341;12:00;1001;758;;;901;924;;;883;873;;;854;883;;;976;942;;;1069;890;;;937;1003;;;1015;940;;
08.12.2021;342;;;;;;;;;;;;;;;;;;;;;;;;;;;;;;;;;
09.12.2021;343;;;;;;;;;;;;;;;;;;;;;;;;;;;;;;;;;
10.12.2021;344;;;;;;;;;;;;;;;;;;;;;;;;;;;;;;;;;
11.12.2021;345;;;;;;;;;;;;;;;;;;;;;;;;;;;;;;;;;
12.12.2021;346;;;;;;;;;;;;;;;;;;;;;;;;;;;;;;;;;
13.12.2021;347;;;;;;;;;;;;;;;;;;;;;;;;;;;;;;;;;
14.12.2021;348;;;;;;;;;;;;;;;;;;;;;;;;;;;;;;;;;
15.12.2021;349;12:00;927;1211;;;1068;1007;;;1035;1117;;;1240;1099;;;996;1079;;;1043;691;;;1118;980;;;1150;1141;;
16.12.2021;350;;;;;;;;;;;;;;;;;;;;;;;;;;;;;;;;;
17.12.2021;351;;;;;;;;;;;;;;;;;;;;;;;;;;;;;;;;;
18.12.2021;352;;;;;;;;;;;;;;;;;;;;;;;;;;;;;;;;;
19.12.2021;353;;;;;;;;;;;;;;;;;;;;;;;;;;;;;;;;;
20.12.2021;354;;;;;;;;;;;;;;;;;;;;;;;;;;;;;;;;;
21.12.2021;355;12:00;936;1213;;;963;967;;;1120;1031;;;1115;966;;;956;1063;;;918;1075;;;1045;973;;;1031;1065;;
22.12.2021;356;;;;;;;;;;;;;;;;;;;;;;;;;;;;;;;;;
23.12.2021;357;;;;;;;;;;;;;;;;;;;;;;;;;;;;;;;;;
24.12.2021;358;;;;;;;;;;;;;;;;;;;;;;;;;;;;;;;;;
25.12.2021;359;;;;;;;;;;;;;;;;;;;;;;;;;;;;;;;;;
26.12.2021;360;;;;;;;;;;;;;;;;;;;;;;;;;;;;;;;;;
27.12.2021;361;;;;;;;;;;;;;;;;;;;;;;;;;;;;;;;;;
28.12.2021;362;;;;;;;;;;;;;;;;;;;;;;;;;;;;;;;;;
29.12.2021;363;;;;;;;;;;;;;;;;;;;;;;;;;;;;;;;;;
30.12.2021;364;;;;;;;;;;;;;;;;;;;;;;;;;;;;;;;;;
31.12.2021;365;;;;;;;;;;;;;;;;;;;;;;;;;;;;;;;;;
01.01.2022;366;;;;;;;;;;;;;;;;;;;;;;;;;;;;;;;;;
02.01.2022;367;;;;;;;;;;;;;;;;;;;;;;;;;;;;;;;;;
03.01.2022;368;;;;;;;;;;;;;;;;;;;;;;;;;;;;;;;;;
04.01.2022;369;;;;;;;;;;;;;;;;;;;;;;;;;;;;;;;;;
05.01.2022;370;;;;;;;;;;;;;;;;;;;;;;;;;;;;;;;;;
06.01.2022;371;;;;;;;;;;;;;;;;;;;;;;;;;;;;;;;;;
07.01.2022;372;12:00;902;1066;;;1058;925;;;923;;;;903;1076;;;965;1061;;;1034;1012;;;1071;977;;;1087;974;;
08.01.2022;373;;;;;;;;;;;;;;;;;;;;;;;;;;;;;;;;;
09.01.2022;374;;;;;;;;;;;;;;;;;;;;;;;;;;;;;;;;;
10.01.2022;375;;;;;;;;;;;;;;;;;;;;;;;;;;;;;;;;;
11.01.2022;376;;;;;;;;;;;;;;;;;;;;;;;;;;;;;;;;;
12.01.2022;377;;;;;;;;;;;;;;;;;;;;;;;;;;;;;;;;;
13.01.2022;378;;;;;;;;;;;;;;;;;;;;;;;;;;;;;;;;;
14.01.2022;379;12:00;1013;942;;;1002;1106;;;1030;1072;;;1093;1019;;;956;945;;;963;809;;;830;982;;;929;978;;
15.01.2022;380;;;;;;;;;;;;;;;;;;;;;;;;;;;;;;;;;
16.01.2022;381;;;;;;;;;;;;;;;;;;;;;;;;;;;;;;;;;
17.01.2022;382;;;;;;;;;;;;;;;;;;;;;;;;;;;;;;;;;
18.01.2022;383;;;;;;;;;;;;;;;;;;;;;;;;;;;;;;;;;
19.01.2022;384;;;;;;;;;;;;;;;;;;;;;;;;;;;;;;;;;
20.01.2022;385;;;;;;;;;;;;;;;;;;;;;;;;;;;;;;;;;
21.01.2022;386;;;;;;;;;;;;;;;;;;;;;;;;;;;;;;;;;
22.01.2022;387;;;;;;;;;;;;;;;;;;;;;;;;;;;;;;;;;
23.01.2022;388;;;;;;;;;;;;;;;;;;;;;;;;;;;;;;;;;
24.01.2022;389;;;;;;;;;;;;;;;;;;;;;;;;;;;;;;;;;
25.01.2022;390;;;;;;;;;;;;;;;;;;;;;;;;;;;;;;;;;
26.01.2022;391;;;;;;;;;;;;;;;;;;;;;;;;;;;;;;;;;
27.01.2022;392;;;;;;;;;;;;;;;;;;;;;;;;;;;;;;;;;
28.01.2022;393;;;;;;;;;;;;;;;;;;;;;;;;;;;;;;;;;
29.01.2022;394;;;;;;;;;;;;;;;;;;;;;;;;;;;;;;;;;
30.01.2022;395;;;;;;;;;;;;;;;;;;;;;;;;;;;;;;;;;
31.01.2022;396;;;;;;;;;;;;;;;;;;;;;;;;;;;;;;;;;
01.02.2022;397;12:00;1306;1367;;;1205;1289;;;1330;1297;;;1327;1186;;;1243;1380;;;1087;1410;;;1276;1383;;;1225;1297;;
02.02.2022;398;;;;;;;;;;;;;;;;;;;;;;;;;;;;;;;;;
03.02.2022;399;;;;;;;;;;;;;;;;;;;;;;;;;;;;;;;;;
04.02.2022;400;;;;;;;;;;;;;;;;;;;;;;;;;;;;;;;;;
05.02.2022;401;;;;;;;;;;;;;;;;;;;;;;;;;;;;;;;;;
06.02.2022;402;;;;;;;;;;;;;;;;;;;;;;;;;;;;;;;;;
07.02.2022;403;;;;;;;;;;;;;;;;;;;;;;;;;;;;;;;;;
08.02.2022;404;;;;;;;;;;;;;;;;;;;;;;;;;;;;;;;;;
09.02.2022;405;12:00;1343;1328;;;1317;1362;;;1494;1454;;;1407;1424;;;1242;1477;;;1138;1339;;;1262;1338;;;1285;1399;;
10.02.2022;406;12:00;1387;1385;;;1377;1341;;;1300;1432;;;1329;1269;;;1724;;;;1451;;;;1667;;;;1746;;;
11.02.2022;407;12:00;;;;;;;;;;;;;;;;;955;1037;;;852;980;;;940;989;;;942;711;;
12.02.2022;408;;;;;;;;;;;;;;;;;;;;;;;;;;;;;;;;;
13.02.2022;409;;;;;;;;;;;;;;;;;;;;;;;;;;;;;;;;;
14.02.2022;410;;;;;;;;;;;;;;;;;;;;;;;;;;;;;;;;;
15.02.2022;411;12:00;942;999;;;935;999;;;979;998;;;932;1034;;;947;1093;;;966;1001;;;1062;920;;;1019;1055;;
16.02.2022;412;;;;;;;;;;;;;;;;;;;;;;;;;;;;;;;;;
17.02.2022;413;;;;;;;;;;;;;;;;;;;;;;;;;;;;;;;;;
18.02.2022;414;;;;;;;;;;;;;;;;;;;;;;;;;;;;;;;;;
19.02.2022;415;;;;;;;;;;;;;;;;;;;;;;;;;;;;;;;;;
20.02.2022;416;;;;;;;;;;;;;;;;;;;;;;;;;;;;;;;;;
21.02.2022;417;;;;;;;;;;;;;;;;;;;;;;;;;;;;;;;;;
22.02.2022;418;;;;;;;;;;;;;;;;;;;;;;;;;;;;;;;;;
23.02.2022;419;12:00;1085;0;;;954;1067;;;988;1043;;;1077;1010;;;963;910;;;1005;1007;;;944;1054;;;925;900;;
24.02.2022;420;;;;;;;;;;;;;;;;;;;;;;;;;;;;;;;;;
25.02.2022;421;;;;;;;;;;;;;;;;;;;;;;;;;;;;;;;;;
26.02.2022;422;;;;;;;;;;;;;;;;;;;;;;;;;;;;;;;;;
27.02.2022;423;;;;;;;;;;;;;;;;;;;;;;;;;;;;;;;;;
28.02.2022;424;;;;;;;;;;;;;;;;;;;;;;;;;;;;;;;;;
01.03.2022;425;;;;;;;;;;;;;;;;;;;;;;;;;;;;;;;;;
02.03.2022;426;;;;;;;;;;;;;;;;;;;;;;;;;;;;;;;;;
03.03.2022;427;;;;;;;;;;;;;;;;;;;;;;;;;;;;;;;;;
04.03.2022;428;;;;;;;;;;;;;;;;;;;;;;;;;;;;;;;;;
05.03.2022;429;;;;;;;;;;;;;;;;;;;;;;;;;;;;;;;;;
06.03.2022;430;;;;;;;;;;;;;;;;;;;;;;;;;;;;;;;;;
07.03.2022;431;;;;;;;;;;;;;;;;;;;;;;;;;;;;;;;;;
08.03.2022;432;;;;;;;;;;;;;;;;;;;;;;;;;;;;;;;;;
09.03.2022;433;;;;;;;;;;;;;;;;;;;;;;;;;;;;;;;;;
10.03.2022;434;12:00;986;1006;;;943;1015;;;1008;1057;;;1050;1092;;;1023;947;;;1007;990;;;971;1086;;;1033;889;;
11.03.2022;435;;;;;;;;;;;;;;;;;;;;;;;;;;;;;;;;;
12.03.2022;436;;;;;;;;;;;;;;;;;;;;;;;;;;;;;;;;;
13.03.2022;437;;;;;;;;;;;;;;;;;;;;;;;;;;;;;;;;;
14.03.2022;438;;;;;;;;;;;;;;;;;;;;;;;;;;;;;;;;;
15.03.2022;439;;;;;;;;;;;;;;;;;;;;;;;;;;;;;;;;;
16.03.2022;440;;;;;;;;;;;;;;;;;;;;;;;;;;;;;;;;;
17.03.2022;441;12:00;1124;1056;;;1105;1032;;;1039;1065;;;1039;1056;;;954;898;;;1040;1007;;;968;1106;;;1020;936;;
18.03.2022;442;;;;;;;;;;;;;;;;;;;;;;;;;;;;;;;;;
19.03.2022;443;;;;;;;;;;;;;;;;;;;;;;;;;;;;;;;;;
20.03.2022;444;;;;;;;;;;;;;;;;;;;;;;;;;;;;;;;;;
21.03.2022;445;;;;;;;;;;;;;;;;;;;;;;;;;;;;;;;;;
22.03.2022;446;;;;;;;;;;;;;;;;;;;;;;;;;;;;;;;;;
23.03.2022;447;;;;;;;;;;;;;;;;;;;;;;;;;;;;;;;;;
24.03.2022;448;;;;;;;;;;;;;;;;;;;;;;;;;;;;;;;;;
25.03.2022;449;;;;;;;;;;;;;;;;;;;;;;;;;;;;;;;;;
26.03.2022;450;;;;;;;;;;;;;;;;;;;;;;;;;;;;;;;;;
27.03.2022;451;;;;;;;;;;;;;;;;;;;;;;;;;;;;;;;;;
28.03.2022;452;;;;;;;;;;;;;;;;;;;;;;;;;;;;;;;;;
29.03.2022;453;;;;;;;;;;;;;;;;;;;;;;;;;;;;;;;;;
30.03.2022;454;12:00;720;986;;;998;1002;;;959;989;;;929;986;;;975;974;;;1021;1037;;;1007;1106;;;1009;881;;
31.03.2022;455;;;;;;;;;;;;;;;;;;;;;;;;;;;;;;;;;
01.04.2022;456;;;;;;;;;;;;;;;;;;;;;;;;;;;;;;;;;
02.04.2022;457;;;;;;;;;;;;;;;;;;;;;;;;;;;;;;;;;
03.04.2022;458;;;;;;;;;;;;;;;;;;;;;;;;;;;;;;;;;
04.04.2022;459;;;;;;;;;;;;;;;;;;;;;;;;;;;;;;;;;
05.04.2022;460;;;;;;;;;;;;;;;;;;;;;;;;;;;;;;;;;
06.04.2022;461;;;;;;;;;;;;;;;;;;;;;;;;;;;;;;;;;
07.04.2022;462;;;;;;;;;;;;;;;;;;;;;;;;;;;;;;;;;
08.04.2022;463;;;;;;;;;;;;;;;;;;;;;;;;;;;;;;;;;
09.04.2022;464;;;;;;;;;;;;;;;;;;;;;;;;;;;;;;;;;
10.04.2022;465;;;;;;;;;;;;;;;;;;;;;;;;;;;;;;;;;
11.04.2022;466;;;;;;;;;;;;;;;;;;;;;;;;;;;;;;;;;
12.04.2022;467;;;;;;;;;;;;;;;;;;;;;;;;;;;;;;;;;
13.04.2022;468;;;;;;;;;;;;;;;;;;;;;;;;;;;;;;;;;
14.04.2022;469;;;;;;;;;;;;;;;;;;;;;;;;;;;;;;;;;
15.04.2022;470;;;;;;;;;;;;;;;;;;;;;;;;;;;;;;;;;
16.04.2022;471;;;;;;;;;;;;;;;;;;;;;;;;;;;;;;;;;
17.04.2022;472;;;;;;;;;;;;;;;;;;;;;;;;;;;;;;;;;
18.04.2022;473;;;;;;;;;;;;;;;;;;;;;;;;;;;;;;;;;
19.04.2022;474;;;;;;;;;;;;;;;;;;;;;;;;;;;;;;;;;
20.04.2022;475;;;;;;;;;;;;;;;;;;;;;;;;;;;;;;;;;
21.04.2022;476;12:00;1247;1019;;;992;978;;;1007;1057;;;999;1043;;;983;967;;;1018;1043;;;1016;1107;;;1014;977;;
22.04.2022;477;;;;;;;;;;;;;;;;;;;;;;;;;;;;;;;;;
23.04.2022;478;;;;;;;;;;;;;;;;;;;;;;;;;;;;;;;;;
24.04.2022;479;;;;;;;;;;;;;;;;;;;;;;;;;;;;;;;;;
25.04.2022;480;;;;;;;;;;;;;;;;;;;;;;;;;;;;;;;;;
26.04.2022;481;;;;;;;;;;;;;;;;;;;;;;;;;;;;;;;;;
27.04.2022;482;;;;;;;;;;;;;;;;;;;;;;;;;;;;;;;;;
28.04.2022;483;;;;;;;;;;;;;;;;;;;;;;;;;;;;;;;;;
29.04.2022;484;;;;;;;;;;;;;;;;;;;;;;;;;;;;;;;;;
30.04.2022;485;;;;;;;;;;;;;;;;;;;;;;;;;;;;;;;;;
01.05.2022;486;;;;;;;;;;;;;;;;;;;;;;;;;;;;;;;;;
02.05.2022;487;;;;;;;;;;;;;;;;;;;;;;;;;;;;;;;;;
03.05.2022;488;;;;;;;;;;;;;;;;;;;;;;;;;;;;;;;;;
04.05.2022;489;;;;;;;;;;;;;;;;;;;;;;;;;;;;;;;;;
05.05.2022;490;;;;;;;;;;;;;;;;;;;;;;;;;;;;;;;;;
06.05.2022;491;;;;;;;;;;;;;;;;;;;;;;;;;;;;;;;;;
07.05.2022;492;;;;;;;;;;;;;;;;;;;;;;;;;;;;;;;;;
08.05.2022;493;;;;;;;;;;;;;;;;;;;;;;;;;;;;;;;;;
09.05.2022;494;;;;;;;;;;;;;;;;;;;;;;;;;;;;;;;;;
10.05.2022;495;;;;;;;;;;;;;;;;;;;;;;;;;;;;;;;;;
11.05.2022;496;;;;;;;;;;;;;;;;;;;;;;;;;;;;;;;;;
12.05.2022;497;;;;;;;;;;;;;;;;;;;;;;;;;;;;;;;;;
13.05.2022;498;;;;;;;;;;;;;;;;;;;;;;;;;;;;;;;;;
14.05.2022;499;;;;;;;;;;;;;;;;;;;;;;;;;;;;;;;;;
15.05.2022;500;;;;;;;;;;;;;;;;;;;;;;;;;;;;;;;;;
16.05.2022;501;;;;;;;;;;;;;;;;;;;;;;;;;;;;;;;;;
17.05.2022;502;;;;;;;;;;;;;;;;;;;;;;;;;;;;;;;;;
18.05.2022;503;;;;;;;;;;;;;;;;;;;;;;;;;;;;;;;;;
19.05.2022;504;;;;;;;;;;;;;;;;;;;;;;;;;;;;;;;;;
20.05.2022;505;;;;;;;;;;;;;;;;;;;;;;;;;;;;;;;;;
21.05.2022;506;;;;;;;;;;;;;;;;;;;;;;;;;;;;;;;;;
22.05.2022;507;;;;;;;;;;;;;;;;;;;;;;;;;;;;;;;;;
23.05.2022;508;;;;;;;;;;;;;;;;;;;;;;;;;;;;;;;;;
24.05.2022;509;;;;;;;;;;;;;;;;;;;;;;;;;;;;;;;;;
25.05.2022;510;;;;;;;;;;;;;;;;;;;;;;;;;;;;;;;;;
26.05.2022;511;;;;;;;;;;;;;;;;;;;;;;;;;;;;;;;;;
27.05.2022;512;;;;;;;;;;;;;;;;;;;;;;;;;;;;;;;;;
28.05.2022;513;;;;;;;;;;;;;;;;;;;;;;;;;;;;;;;;;
29.05.2022;514;;;;;;;;;;;;;;;;;;;;;;;;;;;;;;;;;
30.05.2022;515;;;;;;;;;;;;;;;;;;;;;;;;;;;;;;;;;
31.05.2022;516;;;;;;;;;;;;;;;;;;;;;;;;;;;;;;;;;
01.06.2022;517;;;;;;;;;;;;;;;;;;;;;;;;;;;;;;;;;
02.06.2022;518;;;;;;;;;;;;;;;;;;;;;;;;;;;;;;;;;
03.06.2022;519;;;;;;;;;;;;;;;;;;;;;;;;;;;;;;;;;
04.06.2022;520;;;;;;;;;;;;;;;;;;;;;;;;;;;;;;;;;
05.06.2022;521;;;;;;;;;;;;;;;;;;;;;;;;;;;;;;;;;
06.06.2022;522;;;;;;;;;;;;;;;;;;;;;;;;;;;;;;;;;
07.06.2022;523;;;;;;;;;;;;;;;;;;;;;;;;;;;;;;;;;
08.06.2022;524;;;;;;;;;;;;;;;;;;;;;;;;;;;;;;;;;
09.06.2022;525;;;;;;;;;;;;;;;;;;;;;;;;;;;;;;;;;
10.06.2022;526;;;;;;;;;;;;;;;;;;;;;;;;;;;;;;;;;
11.06.2022;527;;;;;;;;;;;;;;;;;;;;;;;;;;;;;;;;;
12.06.2022;528;;;;;;;;;;;;;;;;;;;;;;;;;;;;;;;;;
13.06.2022;529;;;;;;;;;;;;;;;;;;;;;;;;;;;;;;;;;
14.06.2022;530;;;;;;;;;;;;;;;;;;;;;;;;;;;;;;;;;
15.06.2022;531;;;;;;;;;;;;;;;;;;;;;;;;;;;;;;;;;
16.06.2022;532;;;;;;;;;;;;;;;;;;;;;;;;;;;;;;;;;
17.06.2022;533;;;;;;;;;;;;;;;;;;;;;;;;;;;;;;;;;
18.06.2022;534;;;;;;;;;;;;;;;;;;;;;;;;;;;;;;;;;
19.06.2022;535;;;;;;;;;;;;;;;;;;;;;;;;;;;;;;;;;
20.06.2022;536;;;;;;;;;;;;;;;;;;;;;;;;;;;;;;;;;
21.06.2022;537;;;;;;;;;;;;;;;;;;;;;;;;;;;;;;;;;
22.06.2022;538;;;;;;;;;;;;;;;;;;;;;;;;;;;;;;;;;
23.06.2022;539;;;;;;;;;;;;;;;;;;;;;;;;;;;;;;;;;
24.06.2022;540;;;;;;;;;;;;;;;;;;;;;;;;;;;;;;;;;
25.06.2022;541;;;;;;;;;;;;;;;;;;;;;;;;;;;;;;;;;
26.06.2022;542;;;;;;;;;;;;;;;;;;;;;;;;;;;;;;;;;
27.06.2022;543;;;;;;;;;;;;;;;;;;;;;;;;;;;;;;;;;
28.06.2022;544;;;;;;;;;;;;;;;;;;;;;;;;;;;;;;;;;
29.06.2022;545;;;;;;;;;;;;;;;;;;;;;;;;;;;;;;;;;
30.06.2022;546;;;;;;;;;;;;;;;;;;;;;;;;;;;;;;;;;
01.07.2022;547;;;;;;;;;;;;;;;;;;;;;;;;;;;;;;;;;
02.07.2022;548;;;;;;;;;;;;;;;;;;;;;;;;;;;;;;;;;
03.07.2022;549;;;;;;;;;;;;;;;;;;;;;;;;;;;;;;;;;
04.07.2022;550;;;;;;;;;;;;;;;;;;;;;;;;;;;;;;;;;
05.07.2022;551;;;;;;;;;;;;;;;;;;;;;;;;;;;;;;;;;
06.07.2022;552;;;;;;;;;;;;;;;;;;;;;;;;;;;;;;;;;
07.07.2022;553;;;;;;;;;;;;;;;;;;;;;;;;;;;;;;;;;
08.07.2022;554;;;;;;;;;;;;;;;;;;;;;;;;;;;;;;;;;
09.07.2022;555;;;;;;;;;;;;;;;;;;;;;;;;;;;;;;;;;
10.07.2022;556;;;;;;;;;;;;;;;;;;;;;;;;;;;;;;;;;
11.07.2022;557;;;;;;;;;;;;;;;;;;;;;;;;;;;;;;;;;
12.07.2022;558;;;;;;;;;;;;;;;;;;;;;;;;;;;;;;;;;
13.07.2022;559;;;;;;;;;;;;;;;;;;;;;;;;;;;;;;;;;
14.07.2022;560;;;;;;;;;;;;;;;;;;;;;;;;;;;;;;;;;
15.07.2022;561;;;;;;;;;;;;;;;;;;;;;;;;;;;;;;;;;
16.07.2022;562;;;;;;;;;;;;;;;;;;;;;;;;;;;;;;;;;
17.07.2022;563;;;;;;;;;;;;;;;;;;;;;;;;;;;;;;;;;
18.07.2022;564;;;;;;;;;;;;;;;;;;;;;;;;;;;;;;;;;
19.07.2022;565;;;;;;;;;;;;;;;;;;;;;;;;;;;;;;;;;
20.07.2022;566;;;;;;;;;;;;;;;;;;;;;;;;;;;;;;;;;
21.07.2022;567;;;;;;;;;;;;;;;;;;;;;;;;;;;;;;;;;
22.07.2022;568;;;;;;;;;;;;;;;;;;;;;;;;;;;;;;;;;
23.07.2022;569;;;;;;;;;;;;;;;;;;;;;;;;;;;;;;;;;
24.07.2022;570;;;;;;;;;;;;;;;;;;;;;;;;;;;;;;;;;
25.07.2022;571;;;;;;;;;;;;;;;;;;;;;;;;;;;;;;;;;
26.07.2022;572;;;;;;;;;;;;;;;;;;;;;;;;;;;;;;;;;
27.07.2022;573;;;;;;;;;;;;;;;;;;;;;;;;;;;;;;;;;
28.07.2022;574;;;;;;;;;;;;;;;;;;;;;;;;;;;;;;;;;
29.07.2022;575;;;;;;;;;;;;;;;;;;;;;;;;;;;;;;;;;
30.07.2022;576;;;;;;;;;;;;;;;;;;;;;;;;;;;;;;;;;
31.07.2022;577;;;;;;;;;;;;;;;;;;;;;;;;;;;;;;;;;
01.08.2022;578;;;;;;;;;;;;;;;;;;;;;;;;;;;;;;;;;
02.08.2022;579;;;;;;;;;;;;;;;;;;;;;;;;;;;;;;;;;
03.08.2022;580;;;;;;;;;;;;;;;;;;;;;;;;;;;;;;;;;
04.08.2022;581;;;;;;;;;;;;;;;;;;;;;;;;;;;;;;;;;
05.08.2022;582;;;;;;;;;;;;;;;;;;;;;;;;;;;;;;;;;
06.08.2022;583;;;;;;;;;;;;;;;;;;;;;;;;;;;;;;;;;
07.08.2022;584;;;;;;;;;;;;;;;;;;;;;;;;;;;;;;;;;
08.08.2022;585;;;;;;;;;;;;;;;;;;;;;;;;;;;;;;;;;
09.08.2022;586;;;;;;;;;;;;;;;;;;;;;;;;;;;;;;;;;
10.08.2022;587;;;;;;;;;;;;;;;;;;;;;;;;;;;;;;;;;
11.08.2022;588;;;;;;;;;;;;;;;;;;;;;;;;;;;;;;;;;
12.08.2022;589;;;;;;;;;;;;;;;;;;;;;;;;;;;;;;;;;
13.08.2022;590;;;;;;;;;;;;;;;;;;;;;;;;;;;;;;;;;
14.08.2022;591;;;;;;;;;;;;;;;;;;;;;;;;;;;;;;;;;
15.08.2022;592;;;;;;;;;;;;;;;;;;;;;;;;;;;;;;;;;
16.08.2022;593;;;;;;;;;;;;;;;;;;;;;;;;;;;;;;;;;
17.08.2022;594;;;;;;;;;;;;;;;;;;;;;;;;;;;;;;;;;
18.08.2022;595;;;;;;;;;;;;;;;;;;;;;;;;;;;;;;;;;
19.08.2022;596;;;;;;;;;;;;;;;;;;;;;;;;;;;;;;;;;
20.08.2022;597;;;;;;;;;;;;;;;;;;;;;;;;;;;;;;;;;
21.08.2022;598;;;;;;;;;;;;;;;;;;;;;;;;;;;;;;;;;
22.08.2022;599;;;;;;;;;;;;;;;;;;;;;;;;;;;;;;;;;
23.08.2022;600;;;;;;;;;;;;;;;;;;;;;;;;;;;;;;;;;
24.08.2022;601;;;;;;;;;;;;;;;;;;;;;;;;;;;;;;;;;
25.08.2022;602;;;;;;;;;;;;;;;;;;;;;;;;;;;;;;;;;
26.08.2022;603;;;;;;;;;;;;;;;;;;;;;;;;;;;;;;;;;
27.08.2022;604;;;;;;;;;;;;;;;;;;;;;;;;;;;;;;;;;
28.08.2022;605;;;;;;;;;;;;;;;;;;;;;;;;;;;;;;;;;
29.08.2022;606;;;;;;;;;;;;;;;;;;;;;;;;;;;;;;;;;
30.08.2022;607;;;;;;;;;;;;;;;;;;;;;;;;;;;;;;;;;
31.08.2022;608;;;;;;;;;;;;;;;;;;;;;;;;;;;;;;;;;
01.09.2022;609;;;;;;;;;;;;;;;;;;;;;;;;;;;;;;;;;
02.09.2022;610;;;;;;;;;;;;;;;;;;;;;;;;;;;;;;;;;
03.09.2022;611;;;;;;;;;;;;;;;;;;;;;;;;;;;;;;;;;
04.09.2022;612;;;;;;;;;;;;;;;;;;;;;;;;;;;;;;;;;
05.09.2022;613;;;;;;;;;;;;;;;;;;;;;;;;;;;;;;;;;
06.09.2022;614;;;;;;;;;;;;;;;;;;;;;;;;;;;;;;;;;
07.09.2022;615;;;;;;;;;;;;;;;;;;;;;;;;;;;;;;;;;
08.09.2022;616;;;;;;;;;;;;;;;;;;;;;;;;;;;;;;;;;
09.09.2022;617;;;;;;;;;;;;;;;;;;;;;;;;;;;;;;;;;
10.09.2022;618;;;;;;;;;;;;;;;;;;;;;;;;;;;;;;;;;
11.09.2022;619;;;;;;;;;;;;;;;;;;;;;;;;;;;;;;;;;
12.09.2022;620;;;;;;;;;;;;;;;;;;;;;;;;;;;;;;;;;
13.09.2022;621;;;;;;;;;;;;;;;;;;;;;;;;;;;;;;;;;
14.09.2022;622;;;;;;;;;;;;;;;;;;;;;;;;;;;;;;;;;
15.09.2022;623;;;;;;;;;;;;;;;;;;;;;;;;;;;;;;;;;
16.09.2022;624;;;;;;;;;;;;;;;;;;;;;;;;;;;;;;;;;
17.09.2022;625;;;;;;;;;;;;;;;;;;;;;;;;;;;;;;;;;
18.09.2022;626;;;;;;;;;;;;;;;;;;;;;;;;;;;;;;;;;
19.09.2022;627;;;;;;;;;;;;;;;;;;;;;;;;;;;;;;;;;
20.09.2022;628;;;;;;;;;;;;;;;;;;;;;;;;;;;;;;;;;
21.09.2022;629;;;;;;;;;;;;;;;;;;;;;;;;;;;;;;;;;
22.09.2022;630;;;;;;;;;;;;;;;;;;;;;;;;;;;;;;;;;
23.09.2022;631;;;;;;;;;;;;;;;;;;;;;;;;;;;;;;;;;
24.09.2022;632;;;;;;;;;;;;;;;;;;;;;;;;;;;;;;;;;
25.09.2022;633;;;;;;;;;;;;;;;;;;;;;;;;;;;;;;;;;
26.09.2022;634;;;;;;;;;;;;;;;;;;;;;;;;;;;;;;;;;
27.09.2022;635;;;;;;;;;;;;;;;;;;;;;;;;;;;;;;;;;
28.09.2022;636;;;;;;;;;;;;;;;;;;;;;;;;;;;;;;;;;
29.09.2022;637;;;;;;;;;;;;;;;;;;;;;;;;;;;;;;;;;
30.09.2022;638;;;;;;;;;;;;;;;;;;;;;;;;;;;;;;;;;
01.10.2022;639;;;;;;;;;;;;;;;;;;;;;;;;;;;;;;;;;
02.10.2022;640;;;;;;;;;;;;;;;;;;;;;;;;;;;;;;;;;
03.10.2022;641;;;;;;;;;;;;;;;;;;;;;;;;;;;;;;;;;
04.10.2022;642;;;;;;;;;;;;;;;;;;;;;;;;;;;;;;;;;
05.10.2022;643;;;;;;;;;;;;;;;;;;;;;;;;;;;;;;;;;
06.10.2022;644;;;;;;;;;;;;;;;;;;;;;;;;;;;;;;;;;
07.10.2022;645;;;;;;;;;;;;;;;;;;;;;;;;;;;;;;;;;
08.10.2022;646;;;;;;;;;;;;;;;;;;;;;;;;;;;;;;;;;
09.10.2022;647;;;;;;;;;;;;;;;;;;;;;;;;;;;;;;;;;
10.10.2022;648;;;;;;;;;;;;;;;;;;;;;;;;;;;;;;;;;
11.10.2022;649;;;;;;;;;;;;;;;;;;;;;;;;;;;;;;;;;
12.10.2022;650;;;;;;;;;;;;;;;;;;;;;;;;;;;;;;;;;
13.10.2022;651;;;;;;;;;;;;;;;;;;;;;;;;;;;;;;;;;
14.10.2022;652;;;;;;;;;;;;;;;;;;;;;;;;;;;;;;;;;
15.10.2022;653;;;;;;;;;;;;;;;;;;;;;;;;;;;;;;;;;
16.10.2022;654;;;;;;;;;;;;;;;;;;;;;;;;;;;;;;;;;
17.10.2022;655;;;;;;;;;;;;;;;;;;;;;;;;;;;;;;;;;
18.10.2022;656;;;;;;;;;;;;;;;;;;;;;;;;;;;;;;;;;
19.10.2022;657;;;;;;;;;;;;;;;;;;;;;;;;;;;;;;;;;
20.10.2022;658;;;;;;;;;;;;;;;;;;;;;;;;;;;;;;;;;
21.10.2022;659;;;;;;;;;;;;;;;;;;;;;;;;;;;;;;;;;
22.10.2022;660;;;;;;;;;;;;;;;;;;;;;;;;;;;;;;;;;
23.10.2022;661;;;;;;;;;;;;;;;;;;;;;;;;;;;;;;;;;
24.10.2022;662;;;;;;;;;;;;;;;;;;;;;;;;;;;;;;;;;
25.10.2022;663;;;;;;;;;;;;;;;;;;;;;;;;;;;;;;;;;
26.10.2022;664;;;;;;;;;;;;;;;;;;;;;;;;;;;;;;;;;
27.10.2022;665;;;;;;;;;;;;;;;;;;;;;;;;;;;;;;;;;
28.10.2022;666;;;;;;;;;;;;;;;;;;;;;;;;;;;;;;;;;
29.10.2022;667;;;;;;;;;;;;;;;;;;;;;;;;;;;;;;;;;
30.10.2022;668;;;;;;;;;;;;;;;;;;;;;;;;;;;;;;;;;
31.10.2022;669;;;;;;;;;;;;;;;;;;;;;;;;;;;;;;;;;
01.11.2022;670;;;;;;;;;;;;;;;;;;;;;;;;;;;;;;;;;
02.11.2022;671;12:00;;;;;881;834;;;710;860;;;998;956;;;1043;998;;;;1043;;;;;;;796;903;;
03.11.2022;672;;;;;;;;;;;;;;;;;;;;;;;;;;;;;;;;;
04.11.2022;673;;;;;;;;;;;;;;;;;;;;;;;;;;;;;;;;;
05.11.2022;674;;;;;;;;;;;;;;;;;;;;;;;;;;;;;;;;;
06.11.2022;675;;;;;;;;;;;;;;;;;;;;;;;;;;;;;;;;;
07.11.2022;676;;;;;;;;;;;;;;;;;;;;;;;;;;;;;;;;;
08.11.2022;677;12:00;;;;;;;;;;;;;888;1033;;;1001;1011;;;;1030;;;310;1153;;;1101;988;;
09.11.2022;678;;;;;;;;;;;;;;;;;;;;;;;;;;;;;;;;;
10.11.2022;679;;;;;;;;;;;;;;;;;;;;;;;;;;;;;;;;;
11.11.2022;680;;;;;;;;;;;;;;;;;;;;;;;;;;;;;;;;;
12.11.2022;681;;;;;;;;;;;;;;;;;;;;;;;;;;;;;;;;;
13.11.2022;682;;;;;;;;;;;;;;;;;;;;;;;;;;;;;;;;;
14.11.2022;683;;;;;;;;;;;;;;;;;;;;;;;;;;;;;;;;;
15.11.2022;684;;;;;;;;;;;;;;;;;;;;;;;;;;;;;;;;;
16.11.2022;685;;;;;;;;;;;;;;;;;;;;;;;;;;;;;;;;;
17.11.2022;686;;;;;;;;;;;;;;;;;;;;;;;;;;;;;;;;;
18.11.2022;687;;;;;;;;;;;;;;;;;;;;;;;;;;;;;;;;;
19.11.2022;688;;;;;;;;;;;;;;;;;;;;;;;;;;;;;;;;;
20.11.2022;689;;;;;;;;;;;;;;;;;;;;;;;;;;;;;;;;;
21.11.2022;690;;;;;;;;;;;;;;;;;;;;;;;;;;;;;;;;;
22.11.2022;691;;;;;;;;;;;;;;;;;;;;;;;;;;;;;;;;;
23.11.2022;692;;;;;;;;;;;;;;;;;;;;;;;;;;;;;;;;;
24.11.2022;693;;;;;;;;;;;;;;;;;;;;;;;;;;;;;;;;;
25.11.2022;694;;;;;;;;;;;;;;;;;;;;;;;;;;;;;;;;;
26.11.2022;695;;;;;;;;;;;;;;;;;;;;;;;;;;;;;;;;;
27.11.2022;696;;;;;;;;;;;;;;;;;;;;;;;;;;;;;;;;;
28.11.2022;697;;;;;;;;;;;;;;;;;;;;;;;;;;;;;;;;;
29.11.2022;698;12:00;;;;;;796;;;;1023;;;;;;;1033;903;;;1098;1047;;;1020;1121;;;1105;968;;
30.11.2022;699;;;;;;;;;;;;;;;;;;;;;;;;;;;;;;;;;
01.12.2022;700;;;;;;;;;;;;;;;;;;;;;;;;;;;;;;;;;
02.12.2022;701;;;;;;;;;;;;;;;;;;;;;;;;;;;;;;;;;
03.12.2022;702;;;;;;;;;;;;;;;;;;;;;;;;;;;;;;;;;
04.12.2022;703;;;;;;;;;;;;;;;;;;;;;;;;;;;;;;;;;
05.12.2022;704;;;;;;;;;;;;;;;;;;;;;;;;;;;;;;;;;
06.12.2022;705;;;;;;;;;;;;;;;;;;;;;;;;;;;;;;;;;
07.12.2022;706;12:00;929;1104;;;;1165;;;747;1056;;;864;967;;;1078;964;;;1105;996;;;1066;1351;;;1160;1125;;
08.12.2022;707;;;;;;;;;;;;;;;;;;;;;;;;;;;;;;;;;
09.12.2022;708;;;;;;;;;;;;;;;;;;;;;;;;;;;;;;;;;
10.12.2022;709;;;;;;;;;;;;;;;;;;;;;;;;;;;;;;;;;
11.12.2022;710;;;;;;;;;;;;;;;;;;;;;;;;;;;;;;;;;
12.12.2022;711;;;;;;;;;;;;;;;;;;;;;;;;;;;;;;;;;
13.12.2022;712;;;;;;;;;;;;;;;;;;;;;;;;;;;;;;;;;
14.12.2022;713;;;;;;;;;;;;;;;;;;;;;;;;;;;;;;;;;
15.12.2022;714;;;;;;;;;;;;;;;;;;;;;;;;;;;;;;;;;
16.12.2022;715;;;;;;;;;;;;;;;;;;;;;;;;;;;;;;;;;
17.12.2022;716;;;;;;;;;;;;;;;;;;;;;;;;;;;;;;;;;
18.12.2022;717;;;;;;;;;;;;;;;;;;;;;;;;;;;;;;;;;
19.12.2022;718;;;;;;;;;;;;;;;;;;;;;;;;;;;;;;;;;
20.12.2022;719;;;;;;;;;;;;;;;;;;;;;;;;;;;;;;;;;
21.12.2022;720;;;;;;;;;;;;;;;;;;;;;;;;;;;;;;;;;
22.12.2022;721;;;;;;;;;;;;;;;;;;;;;;;;;;;;;;;;;
23.12.2022;722;;;;;;;;;;;;;;;;;;;;;;;;;;;;;;;;;
24.12.2022;723;;;;;;;;;;;;;;;;;;;;;;;;;;;;;;;;;
25.12.2022;724;;;;;;;;;;;;;;;;;;;;;;;;;;;;;;;;;
26.12.2022;725;;;;;;;;;;;;;;;;;;;;;;;;;;;;;;;;;
27.12.2022;726;;;;;;;;;;;;;;;;;;;;;;;;;;;;;;;;;
28.12.2022;727;;;;;;;;;;;;;;;;;;;;;;;;;;;;;;;;;
29.12.2022;728;;;;;;;;;;;;;;;;;;;;;;;;;;;;;;;;;
30.12.2022;729;;;;;;;;;;;;;;;;;;;;;;;;;;;;;;;;;
31.12.2022;730;;;;;;;;;;;;;;;;;;;;;;;;;;;;;;;;;
01.01.2023;731;;;;;;;;;;;;;;;;;;;;;;;;;;;;;;;;;
02.01.2023;732;;;;;;;;;;;;;;;;;;;;;;;;;;;;;;;;;
03.01.2023;733;;;;;;;;;;;;;;;;;;;;;;;;;;;;;;;;;
04.01.2023;734;;;;;;;;;;;;;;;;;;;;;;;;;;;;;;;;;
05.01.2023;735;12:00;;;;;1989;587;;;1549;979;;;1278;997;;;436;;;;664;1071;;;1054;1183;;;1145;993;;
06.01.2023;736;;;;;;;;;;;;;;;;;;;;;;;;;;;;;;;;;
07.01.2023;737;;;;;;;;;;;;;;;;;;;;;;;;;;;;;;;;;
08.01.2023;738;;;;;;;;;;;;;;;;;;;;;;;;;;;;;;;;;
09.01.2023;739;;;;;;;;;;;;;;;;;;;;;;;;;;;;;;;;;
10.01.2023;740;;;;;;;;;;;;;;;;;;;;;;;;;;;;;;;;;
11.01.2023;741;12:00;;1018;;;1065;1722;;;1755;1079;;;1103;1041;;;1026;974;;;1119;1061;;;1019;1187;;;974;1019;;
12.01.2023;742;;;;;;;;;;;;;;;;;;;;;;;;;;;;;;;;;
13.01.2023;743;;;;;;;;;;;;;;;;;;;;;;;;;;;;;;;;;
14.01.2023;744;;;;;;;;;;;;;;;;;;;;;;;;;;;;;;;;;
15.01.2023;745;;;;;;;;;;;;;;;;;;;;;;;;;;;;;;;;;
16.01.2023;746;;;;;;;;;;;;;;;;;;;;;;;;;;;;;;;;;
17.01.2023;747;;;;;;;;;;;;;;;;;;;;;;;;;;;;;;;;;
18.01.2023;748;;;;;;;;;;;;;;;;;;;;;;;;;;;;;;;;;
19.01.2023;749;12:00;1181;981;;;1130;978;;;1004;862;;;990;826;;;1024;986;;;1113;1094;;;1063;1055;;;1059;1052;;
20.01.2023;750;;;;;;;;;;;;;;;;;;;;;;;;;;;;;;;;;
21.01.2023;751;;;;;;;;;;;;;;;;;;;;;;;;;;;;;;;;;
22.01.2023;752;;;;;;;;;;;;;;;;;;;;;;;;;;;;;;;;;
23.01.2023;753;;;;;;;;;;;;;;;;;;;;;;;;;;;;;;;;;
24.01.2023;754;;;;;;;;;;;;;;;;;;;;;;;;;;;;;;;;;
25.01.2023;755;;;;;;;;;;;;;;;;;;;;;;;;;;;;;;;;;
26.01.2023;756;12:00;985;1058;;;982;1091;;;1007;1079;;;969;1149;;;1028;983;;;1110;1076;;;1015;1121;;;1106;975;;
27.01.2023;757;;;;;;;;;;;;;;;;;;;;;;;;;;;;;;;;;
28.01.2023;758;;;;;;;;;;;;;;;;;;;;;;;;;;;;;;;;;
29.01.2023;759;;;;;;;;;;;;;;;;;;;;;;;;;;;;;;;;;
30.01.2023;760;;;;;;;;;;;;;;;;;;;;;;;;;;;;;;;;;
31.01.2023;761;;;;;;;;;;;;;;;;;;;;;;;;;;;;;;;;;
01.02.2023;762;;;;;;;;;;;;;;;;;;;;;;;;;;;;;;;;;
02.02.2023;763;12:00;1011;997;;;1010;886;;;1044;1078;;;949;1081;;;1041;999;;;1121;1117;;;1037;1094;;;1118;1074;;
03.02.2023;764;;;;;;;;;;;;;;;;;;;;;;;;;;;;;;;;;
04.02.2023;765;;;;;;;;;;;;;;;;;;;;;;;;;;;;;;;;;
05.02.2023;766;;;;;;;;;;;;;;;;;;;;;;;;;;;;;;;;;
06.02.2023;767;;;;;;;;;;;;;;;;;;;;;;;;;;;;;;;;;
07.02.2023;768;;;;;;;;;;;;;;;;;;;;;;;;;;;;;;;;;
08.02.2023;769;;;;;;;;;;;;;;;;;;;;;;;;;;;;;;;;;
09.02.2023;770;;;;;;;;;;;;;;;;;;;;;;;;;;;;;;;;;
10.02.2023;771;;;;;;;;;;;;;;;;;;;;;;;;;;;;;;;;;
11.02.2023;772;;;;;;;;;;;;;;;;;;;;;;;;;;;;;;;;;
12.02.2023;773;;;;;;;;;;;;;;;;;;;;;;;;;;;;;;;;;
13.02.2023;774;12:00;950;966;;;998;1047;;;946;924;;;1045;697;;;1015;984;;;1126;1041;;;1021;1134;;;1070;999;;
14.02.2023;775;;;;;;;;;;;;;;;;;;;;;;;;;;;;;;;;;
15.02.2023;776;;;;;;;;;;;;;;;;;;;;;;;;;;;;;;;;;
16.02.2023;777;;;;;;;;;;;;;;;;;;;;;;;;;;;;;;;;;
17.02.2023;778;;;;;;;;;;;;;;;;;;;;;;;;;;;;;;;;;
18.02.2023;779;;;;;;;;;;;;;;;;;;;;;;;;;;;;;;;;;
19.02.2023;780;;;;;;;;;;;;;;;;;;;;;;;;;;;;;;;;;
20.02.2023;781;;;;;;;;;;;;;;;;;;;;;;;;;;;;;;;;;
21.02.2023;782;;;;;;;;;;;;;;;;;;;;;;;;;;;;;;;;;
22.02.2023;783;;;;;;;;;;;;;;;;;;;;;;;;;;;;;;;;;
23.02.2023;784;;;;;;;;;;;;;;;;;;;;;;;;;;;;;;;;;
24.02.2023;785;;;;;;;;;;;;;;;;;;;;;;;;;;;;;;;;;
25.02.2023;786;;;;;;;;;;;;;;;;;;;;;;;;;;;;;;;;;
26.02.2023;787;;;;;;;;;;;;;;;;;;;;;;;;;;;;;;;;;
27.02.2023;788;;;;;;;;;;;;;;;;;;;;;;;;;;;;;;;;;
28.02.2023;789;12:00;864;1057;;;899;1078;;;1024;1069;;;1032;;;;1013;874;969;1095;1014;880;914;1264;1031;1005;865;1194;1103;793;1080;1256
01.03.2023;790;;;;;;;;;;;;;;;;;;;;;;;;;;;;;;;;;
02.03.2023;791;;;;;;;;;;;;;;;;;;;;;;;;;;;;;;;;;
03.03.2023;792;12:00;;;;;;;;;;;;;;;;;1030;853;1135;1127;1077;889;948;1217;1043;970;1165;1004;1102;881;1076;1297
04.03.2023;793;;;;;;;;;;;;;;;;;;;;;;;;;;;;;;;;;
05.03.2023;794;;;;;;;;;;;;;;;;;;;;;;;;;;;;;;;;;
06.03.2023;795;;;;;;;;;;;;;;;;;;;;;;;;;;;;;;;;;
07.03.2023;796;;;;;;;;;;;;;;;;;;;;;;;;;;;;;;;;;
08.03.2023;797;12:00;;;;;;;;;;;;;;;;;1025;825;1086;1119;1079;910;944;1283;987;983;1162;1039;1037;822;1037;1320
09.03.2023;798;;;;;;;;;;;;;;;;;;;;;;;;;;;;;;;;;
10.03.2023;799;;;;;;;;;;;;;;;;;;;;;;;;;;;;;;;;;
11.03.2023;800;;;;;;;;;;;;;;;;;;;;;;;;;;;;;;;;;
12.03.2023;801;;;;;;;;;;;;;;;;;;;;;;;;;;;;;;;;;
13.03.2023;802;;;;;;;;;;;;;;;;;;;;;;;;;;;;;;;;;
14.03.2023;803;;;;;;;;;;;;;;;;;;;;;;;;;;;;;;;;;
15.03.2023;804;;;;;;;;;;;;;;;;;;;;;;;;;;;;;;;;;
16.03.2023;805;12:00;;;;;;;;;;;;;;;;;1007;;;;1074;;;;983;;;;1082;;;
17.03.2023;806;;;;;;;;;;;;;;;;;;;;;;;;;;;;;;;;;
18.03.2023;807;;;;;;;;;;;;;;;;;;;;;;;;;;;;;;;;;
19.03.2023;808;;;;;;;;;;;;;;;;;;;;;;;;;;;;;;;;;
20.03.2023;809;12:00;;;;;861;885;;;990;868;;;855;;;;;805;1063;1142;;868;917;1313;;429;1144;1120;;315;1140;1299
21.03.2023;810;;;;;;;;;;;;;;;;;;;;;;;;;;;;;;;;;
22.03.2023;811;;;;;;;;;;;;;;;;;;;;;;;;;;;;;;;;;
23.03.2023;812;;;;;;;;;;;;;;;;;;;;;;;;;;;;;;;;;
24.03.2023;813;;;;;;;;;;;;;;;;;;;;;;;;;;;;;;;;;
25.03.2023;814;;;;;;;;;;;;;;;;;;;;;;;;;;;;;;;;;
26.03.2023;815;;;;;;;;;;;;;;;;;;;;;;;;;;;;;;;;;
27.03.2023;816;;;;;;;;;;;;;;;;;;;;;;;;;;;;;;;;;
28.03.2023;817;;;;;;;;;;;;;;;;;;;;;;;;;;;;;;;;;
29.03.2023;818;;;;;;;;;;;;;;;;;;;;;;;;;;;;;;;;;
30.03.2023;819;12:00;;;;;;;;;;;;;;;;;1028;824;1086;1149;1078;915;945;1369;993;954;1158;1184;1076;808;1157;1297
31.03.2023;820;;;;;;;;;;;;;;;;;;;;;;;;;;;;;;;;;
01.04.2023;821;;;;;;;;;;;;;;;;;;;;;;;;;;;;;;;;;
02.04.2023;822;;;;;;;;;;;;;;;;;;;;;;;;;;;;;;;;;
03.04.2023;823;;;;;;;;;;;;;;;;;;;;;;;;;;;;;;;;;
04.04.2023;824;12:00;1302;1142;;;1218;1017;;;1008;1018;;;1022;;;;1041;857;1136;1055;1081;898;1003;1327;1034;382;1101;1166;1132;282;544;1312
05.04.2023;825;;;;;;;;;;;;;;;;;;;;;;;;;;;;;;;;;
06.04.2023;826;;;;;;;;;;;;;;;;;;;;;;;;;;;;;;;;;
07.04.2023;827;;;;;;;;;;;;;;;;;;;;;;;;;;;;;;;;;
08.04.2023;828;;;;;;;;;;;;;;;;;;;;;;;;;;;;;;;;;
09.04.2023;829;;;;;;;;;;;;;;;;;;;;;;;;;;;;;;;;;
10.04.2023;830;;;;;;;;;;;;;;;;;;;;;;;;;;;;;;;;;
11.04.2023;831;;;;;;;;;;;;;;;;;;;;;;;;;;;;;;;;;
12.04.2023;832;12:00;;;;;;;;;;;;;;;;;1106;807;1148;1102;1113;820;1081;1320;985;958;1074;1180;1132;863;970;1292
13.04.2023;833;;;;;;;;;;;;;;;;;;;;;;;;;;;;;;;;;
14.04.2023;834;;;;;;;;;;;;;;;;;;;;;;;;;;;;;;;;;
15.04.2023;835;;;;;;;;;;;;;;;;;;;;;;;;;;;;;;;;;
16.04.2023;836;;;;;;;;;;;;;;;;;;;;;;;;;;;;;;;;;
17.04.2023;837;;;;;;;;;;;;;;;;;;;;;;;;;;;;;;;;;
18.04.2023;838;;;;;;;;;;;;;;;;;;;;;;;;;;;;;;;;;
19.04.2023;839;;;;;;;;;;;;;;;;;;;;;;;;;;;;;;;;;
20.04.2023;840;;;;;;;;;;;;;;;;;;;;;;;;;;;;;;;;;
21.04.2023;841;12:00;;;;;;;;;;;;;;;;;1029;881;1221;1162;1096;940;1100;1141;975;425;1017;1360;1066;428;1205;1306
22.04.2023;842;;;;;;;;;;;;;;;;;;;;;;;;;;;;;;;;;
23.04.2023;843;;;;;;;;;;;;;;;;;;;;;;;;;;;;;;;;;
24.04.2023;844;12:00;;;;;;;;;;;;;;;;;;;1211;1086;;;1194;1349;;;1096;1153;;;1147;1285
25.04.2023;845;;;;;;;;;;;;;;;;;;;;;;;;;;;;;;;;;
26.04.2023;846;;;;;;;;;;;;;;;;;;;;;;;;;;;;;;;;;
27.04.2023;847;;;;;;;;;;;;;;;;;;;;;;;;;;;;;;;;;
28.04.2023;848;;;;;;;;;;;;;;;;;;;;;;;;;;;;;;;;;
29.04.2023;849;;;;;;;;;;;;;;;;;;;;;;;;;;;;;;;;;
30.04.2023;850;;;;;;;;;;;;;;;;;;;;;;;;;;;;;;;;;
01.05.2023;851;;;;;;;;;;;;;;;;;;;;;;;;;;;;;;;;;
02.05.2023;852;;;;;;;;;;;;;;;;;;;;;;;;;;;;;;;;;
03.05.2023;853;;;;;;;;;;;;;;;;;;;;;;;;;;;;;;;;;
04.05.2023;854;12:00;;;;;;;;;;;;;;;;;979;844;1227;;100;925;1164;;803;323;;;973;754;;
05.05.2023;855;;;;;;;;;;;;;;;;;;;;;;;;;;;;;;;;;
06.05.2023;856;;;;;;;;;;;;;;;;;;;;;;;;;;;;;;;;;
07.05.2023;857;;;;;;;;;;;;;;;;;;;;;;;;;;;;;;;;;
08.05.2023;858;;;;;;;;;;;;;;;;;;;;;;;;;;;;;;;;;
09.05.2023;859;;;;;;;;;;;;;;;;;;;;;;;;;;;;;;;;;
10.05.2023;860;;;;;;;;;;;;;;;;;;;;;;;;;;;;;;;;;
11.05.2023;861;;;;;;;;;;;;;;;;;;;;;;;;;;;;;;;;;
12.05.2023;862;;;;;;;;;;;;;;;;;;;;;;;;;;;;;;;;;
13.05.2023;863;;;;;;;;;;;;;;;;;;;;;;;;;;;;;;;;;
14.05.2023;864;;;;;;;;;;;;;;;;;;;;;;;;;;;;;;;;;
15.05.2023;865;;;;;;;;;;;;;;;;;;;;;;;;;;;;;;;;;
16.05.2023;866;;;;;;;;;;;;;;;;;;;;;;;;;;;;;;;;;
17.05.2023;867;;;;;;;;;;;;;;;;;;;;;;;;;;;;;;;;;
18.05.2023;868;;;;;;;;;;;;;;;;;;;;;;;;;;;;;;;;;
19.05.2023;869;12:00;;;;;;;;;;;;;;;;;1017;1019;1016;1020;1041;992;985;986;1034;;1019;1042;1029;1011;1009;972
20.05.2023;870;;;;;;;;;;;;;;;;;;;;;;;;;;;;;;;;;
21.05.2023;871;;;;;;;;;;;;;;;;;;;;;;;;;;;;;;;;;
22.05.2023;872;;;;;;;;;;;;;;;;;;;;;;;;;;;;;;;;;
23.05.2023;873;12:00;;;;;;;;;;;;;;;;;;996;;936;;969;;912;;1464;;967;;1024;;987
24.05.2023;874;;;;;;;;;;;;;;;;;;;;;;;;;;;;;;;;;
25.05.2023;875;12:00;;;;;;;;;;;;;;;;;982;944;;1002;981;1019;;992;917;958;1040;1005;929;923;929;
26.05.2023;876;;;;;;;;;;;;;;;;;;;;;;;;;;;;;;;;;
27.05.2023;877;;;;;;;;;;;;;;;;;;;;;;;;;;;;;;;;;
28.05.2023;878;12:00;;;;;;;;;;;;;;;;;;1059;;1016;;1027;;1033;;1091;;988;;1095;;998
29.05.2023;879;;;;;;;;;;;;;;;;;;;;;;;;;;;;;;;;;
30.05.2023;880;;;;;;;;;;;;;;;;;;;;;;;;;;;;;;;;;
31.05.2023;881;;;;;;;;;;;;;;;;;;;;;;;;;;;;;;;;;
01.06.2023;882;12:00;;;;;;;;;;;;;;;;;;967;;989;;959;;990;;953;;1002;;940;;1019
02.06.2023;883;;;;;;;;;;;;;;;;;;;;;;;;;;;;;;;;;
03.06.2023;884;;;;;;;;;;;;;;;;;;;;;;;;;;;;;;;;;
04.06.2023;885;12:00;;;;;;;;;;;;;;;;;;1009;;1013;;981;;1009;;1023;;1039;;997;;1026
05.06.2023;886;;;;;;;;;;;;;;;;;;;;;;;;;;;;;;;;;
06.06.2023;887;;;;;;;;;;;;;;;;;;;;;;;;;;;;;;;;;
07.06.2023;888;;;;;;;;;;;;;;;;;;;;;;;;;;;;;;;;;
08.06.2023;889;12:00;1016;1207;;;1007;1009;;;1025;1008;;;967;1060;;;938;924;;1033;996;935;;1019;945;;1035;1007;1021;;1002;970
09.06.2023;890;;;;;;;;;;;;;;;;;;;;;;;;;;;;;;;;;
10.06.2023;891;;;;;;;;;;;;;;;;;;;;;;;;;;;;;;;;;
11.06.2023;892;;;;;;;;;;;;;;;;;;;;;;;;;;;;;;;;;
12.06.2023;893;;;;;;;;;;;;;;;;;;;;;;;;;;;;;;;;;
13.06.2023;894;;;;;;;;;;;;;;;;;;;;;;;;;;;;;;;;;
14.06.2023;895;;;;;;;;;;;;;;;;;;;;;;;;;;;;;;;;;
15.06.2023;896;;;;;;;;;;;;;;;;;;;;;;;;;;;;;;;;;
16.06.2023;897;8:50;;;;;;;;;;;;;;;;;162;;;;;;;;;;;;1014;;;
16.06.2023;897;8:52;;;;;;;;;;;;;;;;;;;;;947;;;;;;;;;;;
16.06.2023;897;9:23;;;;;;;;;;;;;;;;;;;;;;;;;;;;;;951;;
16.06.2023;897;9:25;;;;;;;;;;;;;;;;;;;;;;;;;;1004;;;;;;
16.06.2023;897;9:26;;;;;;;;;;;;;;;;;;;;;;970;;;;;;;;;;
16.06.2023;897;9:27;;;;;;;;;;;;;;;;;;933;;;;;;;;;;;;;;
16.06.2023;897;9:46;;;;;;;;;;;;;;;;;;;;;;;;;;;1000;;;;;
16.06.2023;897;9:47;;;;;;;;;;;;;;;;;;;;;;;;;;;;;;;1017;
16.06.2023;897;10:15;;;;;;;;;;;;;;;;;;;;;;;;;;;;;;;;983
16.06.2023;897;10:17;;;;;;;;;;;;;;;;;;;;;;;;;;;;1035;;;;
16.06.2023;897;10:19;;;;;;;;;;;;;;;;;;;;1013;;;;;;;;;;;;
17.06.2023;898;;;;;;;;;;;;;;;;;;;;;;;;;;;;;;;;;
18.06.2023;899;;;;;;;;;;;;;;;;;;;;;;;;;;;;;;;;;
19.06.2023;900;;;;;;;;;;;;;;;;;;;;;;;;;;;;;;;;;
20.06.2023;901;;;;;;;;;;;;;;;;;;;;;;;;;;;;;;;;;
21.06.2023;902;;;;;;;;;;;;;;;;;;;;;;;;;;;;;;;;;
22.06.2023;903;10:41;;;;;;;;;;;;;;;;;;;;;;;;;;;;;980;;;
22.06.2023;903;10:43;;;;;;;;;;;;;;;;;;;;;;;;;981;;;;;;;
22.06.2023;903;10:44;;;;;;;;;;;;;;;;;;;;;1029;;;;;;;;;;;
22.06.2023;903;10:45;;;;;;;;;;;;;;;;;1064;;;;;;;;;;;;;;;
22.06.2023;903;11:16;;;;;;;;;;;;;;;;;;;;;;;;;;966;;;;;;
22.06.2023;903;11:17;;;;;;;;;;;;;;;;;;;;;;948;;;;;;;;;;
22.06.2023;903;11:18;;;;;;;;;;;;;;;;;;944;;;;;;;;;;;;;;
22.06.2023;903;11:44;;;;;;;;;;;;;;;;;;;;;;;;;;;;;;;1015;
22.06.2023;903;11:45;;;;;;;;;;;;;;;;;;;;;;;;;;;998;;;;;
22.06.2023;903;12:12;;;;;;;;;;;;;;;;;;;;;;;;;;;;;;;;981
22.06.2023;903;12:13;;;;;;;;;;;;;;;;;;;;;;;;;;;;987;;;;
22.06.2023;903;12:14;;;;;;;;;;;;;;;;;;;;;;;;886;;;;;;;;
22.06.2023;903;12:15;;;;;;;;;;;;;;;;;;;974;;;;;;;;;;;;;
23.06.2023;904;;;;;;;;;;;;;;;;;;;;;;;;;;;;;;;;;
24.06.2023;905;;;;;;;;;;;;;;;;;;;;;;;;;;;;;;;;;
25.06.2023;906;;;;;;;;;;;;;;;;;;;;;;;;;;;;;;;;;
26.06.2023;907;;;;;;;;;;;;;;;;;;;;;;;;;;;;;;;;;
27.06.2023;908;;;;;;;;;;;;;;;;;;;;;;;;;;;;;;;;;
28.06.2023;909;;;;;;;;;;;;;;;;;;;;;;;;;;;;;;;;;
29.06.2023;910;;;;;;;;;;;;;;;;;;;;;;;;;;;;;;;;;
30.06.2023;911;;;;;;;;;;;;;;;;;;;;;;;;;;;;;;;;;
01.07.2023;912;;;;;;;;;;;;;;;;;;;;;;;;;;;;;;;;;
02.07.2023;913;;;;;;;;;;;;;;;;;;;;;;;;;;;;;;;;;
03.07.2023;914;;;;;;;;;;;;;;;;;;;;;;;;;;;;;;;;;
04.07.2023;915;;;;;;;;;;;;;;;;;;;;;;;;;;;;;;;;;
05.07.2023;916;;;;;;;;;;;;;;;;;;;;;;;;;;;;;;;;;
06.07.2023;917;;;;;;;;;;;;;;;;;;;;;;;;;;;;;;;;;
07.07.2023;918;;;;;;;;;;;;;;;;;;;;;;;;;;;;;;;;;
08.07.2023;919;;;;;;;;;;;;;;;;;;;;;;;;;;;;;;;;;
09.07.2023;920;;;;;;;;;;;;;;;;;;;;;;;;;;;;;;;;;
10.07.2023;921;;;;;;;;;;;;;;;;;;;;;;;;;;;;;;;;;
11.07.2023;922;;;;;;;;;;;;;;;;;;;;;;;;;;;;;;;;;
12.07.2023;923;;;;;;;;;;;;;;;;;;;;;;;;;;;;;;;;;
13.07.2023;924;;;;;;;;;;;;;;;;;;;;;;;;;;;;;;;;;
14.07.2023;925;;;;;;;;;;;;;;;;;;;;;;;;;;;;;;;;;
15.07.2023;926;;;;;;;;;;;;;;;;;;;;;;;;;;;;;;;;;
16.07.2023;927;;;;;;;;;;;;;;;;;;;;;;;;;;;;;;;;;
17.07.2023;928;;;;;;;;;;;;;;;;;;;;;;;;;;;;;;;;;
18.07.2023;929;;;;;;;;;;;;;;;;;;;;;;;;;;;;;;;;;
19.07.2023;930;;;;;;;;;;;;;;;;;;;;;;;;;;;;;;;;;
20.07.2023;931;;;;;;;;;;;;;;;;;;;;;;;;;;;;;;;;;
21.07.2023;932;;;;;;;;;;;;;;;;;;;;;;;;;;;;;;;;;
22.07.2023;933;;;;;;;;;;;;;;;;;;;;;;;;;;;;;;;;;
23.07.2023;934;;;;;;;;;;;;;;;;;;;;;;;;;;;;;;;;;
24.07.2023;935;;;;;;;;;;;;;;;;;;;;;;;;;;;;;;;;;
25.07.2023;936;;;;;;;;;;;;;;;;;;;;;;;;;;;;;;;;;
26.07.2023;937;;;;;;;;;;;;;;;;;;;;;;;;;;;;;;;;;
27.07.2023;938;;;;;;;;;;;;;;;;;;;;;;;;;;;;;;;;;
28.07.2023;939;;;;;;;;;;;;;;;;;;;;;;;;;;;;;;;;;
29.07.2023;940;;;;;;;;;;;;;;;;;;;;;;;;;;;;;;;;;
30.07.2023;941;;;;;;;;;;;;;;;;;;;;;;;;;;;;;;;;;
31.07.2023;942;;;;;;;;;;;;;;;;;;;;;;;;;;;;;;;;;
01.08.2023;943;;;;;;;;;;;;;;;;;;;;;;;;;;;;;;;;;
02.08.2023;944;;;;;;;;;;;;;;;;;;;;;;;;;;;;;;;;;
03.08.2023;945;;;;;;;;;;;;;;;;;;;;;;;;;;;;;;;;;
04.08.2023;946;;;;;;;;;;;;;;;;;;;;;;;;;;;;;;;;;
05.08.2023;947;;;;;;;;;;;;;;;;;;;;;;;;;;;;;;;;;
06.08.2023;948;;;;;;;;;;;;;;;;;;;;;;;;;;;;;;;;;
07.08.2023;949;;;;;;;;;;;;;;;;;;;;;;;;;;;;;;;;;
08.08.2023;950;;;;;;;;;;;;;;;;;;;;;;;;;;;;;;;;;
09.08.2023;951;;;;;;;;;;;;;;;;;;;;;;;;;;;;;;;;;
10.08.2023;952;;;;;;;;;;;;;;;;;;;;;;;;;;;;;;;;;
11.08.2023;953;;;;;;;;;;;;;;;;;;;;;;;;;;;;;;;;;
12.08.2023;954;;;;;;;;;;;;;;;;;;;;;;;;;;;;;;;;;
13.08.2023;955;;;;;;;;;;;;;;;;;;;;;;;;;;;;;;;;;
14.08.2023;956;;;;;;;;;;;;;;;;;;;;;;;;;;;;;;;;;
15.08.2023;957;;;;;;;;;;;;;;;;;;;;;;;;;;;;;;;;;
16.08.2023;958;;;;;;;;;;;;;;;;;;;;;;;;;;;;;;;;;
17.08.2023;959;;;;;;;;;;;;;;;;;;;;;;;;;;;;;;;;;
18.08.2023;960;;;;;;;;;;;;;;;;;;;;;;;;;;;;;;;;;
19.08.2023;961;;;;;;;;;;;;;;;;;;;;;;;;;;;;;;;;;
20.08.2023;962;;;;;;;;;;;;;;;;;;;;;;;;;;;;;;;;;
21.08.2023;963;;;;;;;;;;;;;;;;;;;;;;;;;;;;;;;;;
22.08.2023;964;;;;;;;;;;;;;;;;;;;;;;;;;;;;;;;;;
23.08.2023;965;;;;;;;;;;;;;;;;;;;;;;;;;;;;;;;;;
24.08.2023;966;;;;;;;;;;;;;;;;;;;;;;;;;;;;;;;;;
25.08.2023;967;;;;;;;;;;;;;;;;;;;;;;;;;;;;;;;;;
26.08.2023;968;;;;;;;;;;;;;;;;;;;;;;;;;;;;;;;;;
27.08.2023;969;;;;;;;;;;;;;;;;;;;;;;;;;;;;;;;;;
28.08.2023;970;;;;;;;;;;;;;;;;;;;;;;;;;;;;;;;;;
29.08.2023;971;;;;;;;;;;;;;;;;;;;;;;;;;;;;;;;;;
30.08.2023;972;;;;;;;;;;;;;;;;;;;;;;;;;;;;;;;;;
31.08.2023;973;;;;;;;;;;;;;;;;;;;;;;;;;;;;;;;;;
01.09.2023;974;;;;;;;;;;;;;;;;;;;;;;;;;;;;;;;;;
02.09.2023;975;;;;;;;;;;;;;;;;;;;;;;;;;;;;;;;;;
03.09.2023;976;;;;;;;;;;;;;;;;;;;;;;;;;;;;;;;;;
04.09.2023;977;;;;;;;;;;;;;;;;;;;;;;;;;;;;;;;;;
05.09.2023;978;;;;;;;;;;;;;;;;;;;;;;;;;;;;;;;;;
06.09.2023;979;;;;;;;;;;;;;;;;;;;;;;;;;;;;;;;;;
07.09.2023;980;;;;;;;;;;;;;;;;;;;;;;;;;;;;;;;;;
08.09.2023;981;;;;;;;;;;;;;;;;;;;;;;;;;;;;;;;;;
09.09.2023;982;;;;;;;;;;;;;;;;;;;;;;;;;;;;;;;;;
10.09.2023;983;;;;;;;;;;;;;;;;;;;;;;;;;;;;;;;;;
11.09.2023;984;;;;;;;;;;;;;;;;;;;;;;;;;;;;;;;;;
12.09.2023;985;;;;;;;;;;;;;;;;;;;;;;;;;;;;;;;;;
13.09.2023;986;;;;;;;;;;;;;;;;;;;;;;;;;;;;;;;;;
14.09.2023;987;;;;;;;;;;;;;;;;;;;;;;;;;;;;;;;;;
15.09.2023;988;;;;;;;;;;;;;;;;;;;;;;;;;;;;;;;;;
16.09.2023;989;;;;;;;;;;;;;;;;;;;;;;;;;;;;;;;;;
17.09.2023;990;;;;;;;;;;;;;;;;;;;;;;;;;;;;;;;;;
18.09.2023;991;;;;;;;;;;;;;;;;;;;;;;;;;;;;;;;;;
19.09.2023;992;;;;;;;;;;;;;;;;;;;;;;;;;;;;;;;;;
20.09.2023;993;;;;;;;;;;;;;;;;;;;;;;;;;;;;;;;;;
21.09.2023;994;;;;;;;;;;;;;;;;;;;;;;;;;;;;;;;;;
22.09.2023;995;;;;;;;;;;;;;;;;;;;;;;;;;;;;;;;;;
23.09.2023;996;;;;;;;;;;;;;;;;;;;;;;;;;;;;;;;;;
24.09.2023;997;;;;;;;;;;;;;;;;;;;;;;;;;;;;;;;;;
25.09.2023;998;;;;;;;;;;;;;;;;;;;;;;;;;;;;;;;;;
26.09.2023;999;;;;;;;;;;;;;;;;;;;;;;;;;;;;;;;;;
27.09.2023;1000;;;;;;;;;;;;;;;;;;;;;;;;;;;;;;;;;
28.09.2023;1001;;;;;;;;;;;;;;;;;;;;;;;;;;;;;;;;;
29.09.2023;1002;;;;;;;;;;;;;;;;;;;;;;;;;;;;;;;;;
30.09.2023;1003;;;;;;;;;;;;;;;;;;;;;;;;;;;;;;;;;
01.10.2023;1004;;;;;;;;;;;;;;;;;;;;;;;;;;;;;;;;;
02.10.2023;1005;;;;;;;;;;;;;;;;;;;;;;;;;;;;;;;;;
03.10.2023;1006;;;;;;;;;;;;;;;;;;;;;;;;;;;;;;;;;
04.10.2023;1007;9:57;;;;;;;;;;;;;;;;;;;;;;1078;;;;;;;;;;
04.10.2023;1007;9:58;;;;;;;;;;;;;;;;;;;;;;;1084;;;;;;;;;
05.10.2023;1008;;;;;;;;;;;;;;;;;;;;;;;;;;;;;;;;;
06.10.2023;1009;;;;;;;;;;;;;;;;;;;;;;;;;;;;;;;;;
07.10.2023;1010;;;;;;;;;;;;;;;;;;;;;;;;;;;;;;;;;
08.10.2023;1011;;;;;;;;;;;;;;;;;;;;;;;;;;;;;;;;;
09.10.2023;1012;;;;;;;;;;;;;;;;;;;;;;;;;;;;;;;;;
10.10.2023;1013;;;;;;;;;;;;;;;;;;;;;;;;;;;;;;;;;
11.10.2023;1014;;;;;;;;;;;;;;;;;;;;;;;;;;;;;;;;;
12.10.2023;1015;;;;;;;;;;;;;;;;;;;;;;;;;;;;;;;;;
13.10.2023;1016;;;;;;;;;;;;;;;;;;;;;;;;;;;;;;;;;
14.10.2023;1017;;;;;;;;;;;;;;;;;;;;;;;;;;;;;;;;;
15.10.2023;1018;;;;;;;;;;;;;;;;;;;;;;;;;;;;;;;;;
16.10.2023;1019;;;;;;;;;;;;;;;;;;;;;;;;;;;;;;;;;
17.10.2023;1020;;;;;;;;;;;;;;;;;;;;;;;;;;;;;;;;;
18.10.2023;1021;;;;;;;;;;;;;;;;;;;;;;;;;;;;;;;;;
19.10.2023;1022;;;;;;;;;;;;;;;;;;;;;;;;;;;;;;;;;
20.10.2023;1023;;;;;;;;;;;;;;;;;;;;;;;;;;;;;;;;;
21.10.2023;1024;;;;;;;;;;;;;;;;;;;;;;;;;;;;;;;;;
22.10.2023;1025;;;;;;;;;;;;;;;;;;;;;;;;;;;;;;;;;
23.10.2023;1026;;;;;;;;;;;;;;;;;;;;;;;;;;;;;;;;;
24.10.2023;1027;;;;;;;;;;;;;;;;;;;;;;;;;;;;;;;;;
25.10.2023;1028;;;;;;;;;;;;;;;;;;;;;;;;;;;;;;;;;
26.10.2023;1029;;;;;;;;;;;;;;;;;;;;;;;;;;;;;;;;;
27.10.2023;1030;;;;;;;;;;;;;;;;;;;;;;;;;;;;;;;;;
28.10.2023;1031;;;;;;;;;;;;;;;;;;;;;;;;;;;;;;;;;
29.10.2023;1032;;;;;;;;;;;;;;;;;;;;;;;;;;;;;;;;;
30.10.2023;1033;;;;;;;;;;;;;;;;;;;;;;;;;;;;;;;;;
31.10.2023;1034;;;;;;;;;;;;;;;;;;;;;;;;;;;;;;;;;
01.11.2023;1035;;;;;;;;;;;;;;;;;;;;;;;;;;;;;;;;;
02.11.2023;1036;;;;;;;;;;;;;;;;;;;;;;;;;;;;;;;;;
03.11.2023;1037;;;;;;;;;;;;;;;;;;;;;;;;;;;;;;;;;
04.11.2023;1038;;;;;;;;;;;;;;;;;;;;;;;;;;;;;;;;;
05.11.2023;1039;;;;;;;;;;;;;;;;;;;;;;;;;;;;;;;;;
06.11.2023;1040;;;;;;;;;;;;;;;;;;;;;;;;;;;;;;;;;
07.11.2023;1041;;;;;;;;;;;;;;;;;;;;;;;;;;;;;;;;;
08.11.2023;1042;;;;;;;;;;;;;;;;;;;;;;;;;;;;;;;;;
09.11.2023;1043;;;;;;;;;;;;;;;;;;;;;;;;;;;;;;;;;
10.11.2023;1044;;;;;;;;;;;;;;;;;;;;;;;;;;;;;;;;;
11.11.2023;1045;;;;;;;;;;;;;;;;;;;;;;;;;;;;;;;;;
12.11.2023;1046;;;;;;;;;;;;;;;;;;;;;;;;;;;;;;;;;
13.11.2023;1047;;;;;;;;;;;;;;;;;;;;;;;;;;;;;;;;;
14.11.2023;1048;;;;;;;;;;;;;;;;;;;;;;;;;;;;;;;;;
15.11.2023;1049;;;;;;;;;;;;;;;;;;;;;;;;;;;;;;;;;
16.11.2023;1050;;;;;;;;;;;;;;;;;;;;;;;;;;;;;;;;;
17.11.2023;1051;;;;;;;;;;;;;;;;;;;;;;;;;;;;;;;;;
18.11.2023;1052;;;;;;;;;;;;;;;;;;;;;;;;;;;;;;;;;
19.11.2023;1053;;;;;;;;;;;;;;;;;;;;;;;;;;;;;;;;;
20.11.2023;1054;;;;;;;;;;;;;;;;;;;;;;;;;;;;;;;;;
21.11.2023;1055;;;;;;;;;;;;;;;;;;;;;;;;;;;;;;;;;
22.11.2023;1056;;;;;;;;;;;;;;;;;;;;;;;;;;;;;;;;;
23.11.2023;1057;;;;;;;;;;;;;;;;;;;;;;;;;;;;;;;;;
24.11.2023;1058;;;;;;;;;;;;;;;;;;;;;;;;;;;;;;;;;
25.11.2023;1059;;;;;;;;;;;;;;;;;;;;;;;;;;;;;;;;;
26.11.2023;1060;;;;;;;;;;;;;;;;;;;;;;;;;;;;;;;;;
27.11.2023;1061;;;;;;;;;;;;;;;;;;;;;;;;;;;;;;;;;
28.11.2023;1062;;;;;;;;;;;;;;;;;;;;;;;;;;;;;;;;;
29.11.2023;1063;;;;;;;;;;;;;;;;;;;;;;;;;;;;;;;;;
30.11.2023;1064;;;;;;;;;;;;;;;;;;;;;;;;;;;;;;;;;
01.12.2023;1065;;;;;;;;;;;;;;;;;;;;;;;;;;;;;;;;;
02.12.2023;1066;13:10;;;;;;;;;;;;;;;;;;;;1006;;;;;;;;;;;;
02.12.2023;1066;13:11;;;;;;;;;;;;;;;;;;;;;;;1024;;;;974;;;;1013;
02.12.2023;1066;13:36;;;;;1022;;;;;;;;;;;;;;;;;;;;;;;;;;;
02.12.2023;1066;17:14;;;;;;;;;;;;;;;;;;;;;;;;;999;;;;;1023;;
03.12.2023;1067;;;;;;;;;;;;;;;;;;;;;;;;;;;;;;;;;
04.12.2023;1068;;;;;;;;;;;;;;;;;;;;;;;;;;;;;;;;;
05.12.2023;1069;;;;;;;;;;;;;;;;;;;;;;;;;;;;;;;;;
06.12.2023;1070;;;;;;;;;;;;;;;;;;;;;;;;;;;;;;;;;
07.12.2023;1071;;;;;;;;;;;;;;;;;;;;;;;;;;;;;;;;;
08.12.2023;1072;;;;;;;;;;;;;;;;;;;;;;;;;;;;;;;;;
09.12.2023;1073;;;;;;;;;;;;;;;;;;;;;;;;;;;;;;;;;
10.12.2023;1074;;;;;;;;;;;;;;;;;;;;;;;;;;;;;;;;;
11.12.2023;1075;;;;;;;;;;;;;;;;;;;;;;;;;;;;;;;;;
12.12.2023;1076;;;;;;;;;;;;;;;;;;;;;;;;;;;;;;;;;
13.12.2023;1077;;;;;;;;;;;;;;;;;;;;;;;;;;;;;;;;;
14.12.2023;1078;;;;;;;;;;;;;;;;;;;;;;;;;;;;;;;;;
15.12.2023;1079;;;;;;;;;;;;;;;;;;;;;;;;;;;;;;;;;
16.12.2023;1080;;;;;;;;;;;;;;;;;;;;;;;;;;;;;;;;;
17.12.2023;1081;;;;;;;;;;;;;;;;;;;;;;;;;;;;;;;;;
18.12.2023;1082;;;;;;;;;;;;;;;;;;;;;;;;;;;;;;;;;
19.12.2023;1083;;;;;;;;;;;;;;;;;;;;;;;;;;;;;;;;;
20.12.2023;1084;;;;;;;;;;;;;;;;;;;;;;;;;;;;;;;;;
21.12.2023;1085;;;;;;;;;;;;;;;;;;;;;;;;;;;;;;;;;
22.12.2023;1086;;;;;;;;;;;;;;;;;;;;;;;;;;;;;;;;;
23.12.2023;1087;;;;;;;;;;;;;;;;;;;;;;;;;;;;;;;;;
24.12.2023;1088;;;;;;;;;;;;;;;;;;;;;;;;;;;;;;;;;
25.12.2023;1089;;;;;;;;;;;;;;;;;;;;;;;;;;;;;;;;;
26.12.2023;1090;;;;;;;;;;;;;;;;;;;;;;;;;;;;;;;;;
27.12.2023;1091;;;;;;;;;;;;;;;;;;;;;;;;;;;;;;;;;
28.12.2023;1092;;;;;;;;;;;;;;;;;;;;;;;;;;;;;;;;;
29.12.2023;1093;;;;;;;;;;;;;;;;;;;;;;;;;;;;;;;;;
30.12.2023;1094;;;;;;;;;;;;;;;;;;;;;;;;;;;;;;;;;
31.12.2023;1095;;;;;;;;;;;;;;;;;;;;;;;;;;;;;;;;;
01.01.2024;1096;;;;;;;;;;;;;;;;;;;;;;;;;;;;;;;;;
02.01.2024;1097;;;;;;;;;;;;;;;;;;;;;;;;;;;;;;;;;
03.01.2024;1098;;;;;;;;;;;;;;;;;;;;;;;;;;;;;;;;;
04.01.2024;1099;;;;;;;;;;;;;;;;;;;;;;;;;;;;;;;;;
05.01.2024;1100;;;;;;;;;;;;;;;;;;;;;;;;;;;;;;;;;
06.01.2024;1101;;;;;;;;;;;;;;;;;;;;;;;;;;;;;;;;;
07.01.2024;1102;;;;;;;;;;;;;;;;;;;;;;;;;;;;;;;;;
08.01.2024;1103;;;;;;;;;;;;;;;;;;;;;;;;;;;;;;;;;
09.01.2024;1104;;;;;;;;;;;;;;;;;;;;;;;;;;;;;;;;;
10.01.2024;1105;;;;;;;;;;;;;;;;;;;;;;;;;;;;;;;;;
11.01.2024;1106;;;;;;;;;;;;;;;;;;;;;;;;;;;;;;;;;
12.01.2024;1107;;;;;;;;;;;;;;;;;;;;;;;;;;;;;;;;;
13.01.2024;1108;;;;;;;;;;;;;;;;;;;;;;;;;;;;;;;;;
14.01.2024;1109;;;;;;;;;;;;;;;;;;;;;;;;;;;;;;;;;
15.01.2024;1110;;;;;;;;;;;;;;;;;;;;;;;;;;;;;;;;;
16.01.2024;1111;;;;;;;;;;;;;;;;;;;;;;;;;;;;;;;;;
17.01.2024;1112;;;;;;;;;;;;;;;;;;;;;;;;;;;;;;;;;
18.01.2024;1113;;;;;;;;;;;;;;;;;;;;;;;;;;;;;;;;;
19.01.2024;1114;;;;;;;;;;;;;;;;;;;;;;;;;;;;;;;;;
20.01.2024;1115;;;;;;;;;;;;;;;;;;;;;;;;;;;;;;;;;
21.01.2024;1116;;;;;;;;;;;;;;;;;;;;;;;;;;;;;;;;;
22.01.2024;1117;;;;;;;;;;;;;;;;;;;;;;;;;;;;;;;;;
23.01.2024;1118;;;;;;;;;;;;;;;;;;;;;;;;;;;;;;;;;
24.01.2024;1119;;;;;;;;;;;;;;;;;;;;;;;;;;;;;;;;;
25.01.2024;1120;;;;;;;;;;;;;;;;;;;;;;;;;;;;;;;;;
26.01.2024;1121;;;;;;;;;;;;;;;;;;;;;;;;;;;;;;;;;
27.01.2024;1122;11:03;;;;;;;;;;;;;;;;;;;;;;;;;947;;;;917;;;
27.01.2024;1122;11:04;;;;;;;;;;;;;;;;;;;;;963;;;;;;;;;;;
27.01.2024;1122;11:05;;;;;;;;;;;;;;;;;980;;;;;;;;;;;;;;;
27.01.2024;1122;11:38;9999;;;;;;;;;;;;;;;;;;;;;;;;;;;;;;;
28.01.2024;1123;;;;;;;;;;;;;;;;;;;;;;;;;;;;;;;;;
29.01.2024;1124;11:44;;;;;;;;;;;;;;;;;;;;;;;;;;;;;978;;;
29.01.2024;1124;11:45;;;;;;;;;;;;;;;;;1020;;;;;;;;1004;;;;;;;
29.01.2024;1124;11:46;;;;;;;;;;;;;;;;;;;;;1016;;;;;;;;;;;
29.01.2024;1124;12:20;;;;;;;;;;;;;;;;;;;;;;;;;;;;;;1010;;
29.01.2024;1124;12:21;;;;;;;;;;;;;;;;;;;;;;;;;;1174;;;;;;
29.01.2024;1124;12:22;;;;;;;;;;;;;;;;;;1021;;;;;;;;;;;;;;
29.01.2024;1124;12:23;;;;;;;;;;;;;;;;;;;;;;1006;;;;;;;;;;
30.01.2024;1125;;;;;;;;;;;;;;;;;;;;;;;;;;;;;;;;;
31.01.2024;1126;;;;;;;;;;;;;;;;;;;;;;;;;;;;;;;;;
01.02.2024;1127;;;;;;;;;;;;;;;;;;;;;;;;;;;;;;;;;
02.02.2024;1128;;;;;;;;;;;;;;;;;;;;;;;;;;;;;;;;;
03.02.2024;1129;;;;;;;;;;;;;;;;;;;;;;;;;;;;;;;;;
04.02.2024;1130;;;;;;;;;;;;;;;;;;;;;;;;;;;;;;;;;
05.02.2024;1131;;;;;;;;;;;;;;;;;;;;;;;;;;;;;;;;;
06.02.2024;1132;16:08;;;;;;;;;;;;;;;;;;;;;;;;;981;;;;812;;;
06.02.2024;1132;16:09;;;;;;;;;;;;;;;;;;;;;955;;;;;;;;;;;
06.02.2024;1132;16:10;;;;;;;;;;;;;;;;;988;;;;;;;;;;;;;;;
06.02.2024;1132;16:36;;;;;;;;;;;;;;;;;;;;;;;;;;;;;;951;;
06.02.2024;1132;16:37;;;;;;;;;;;;;;;;;;;;;;;;;;905;;;;;;
06.02.2024;1132;16:38;;;;;;;;;;;;;;;;;;;;;;1050;;;;;;;;;;
06.02.2024;1132;16:39;;;;;;;;;;;;;;;;;;1050;;;;;;;;;;;;;;
06.02.2024;1132;17:05;;;;;;;;;;;;;;;;;;;990;;;;1007;;;;;;;;;
06.02.2024;1132;17:06;;;;;;;;;;;;;;;;;;;;;;;;;;;;;;;914;
06.02.2024;1132;17:07;;;;;;;;;;;;;;;;;;;;;;;;;;;950;;;;;
06.02.2024;1132;17:34;;;;;;;;;;;;;;;;;;;;;;;;;;;;1016;;;;1059
06.02.2024;1132;17:35;;;;;;;;;;;;;;;;;;;;952;;;;;;;;;;;;
06.02.2024;1132;17:36;;;;;;;;;;;;;;;;;;;;;;;;934;;;;;;;;
07.02.2024;1133;;;;;;;;;;;;;;;;;;;;;;;;;;;;;;;;;
08.02.2024;1134;8:29;;;;;;;;;;;;;;;;;;;;;;;;;999;;;;;;;
08.02.2024;1134;8:30;;;;;;;;;;;;;;;;;;;;;;;;;;;;;1033;;;
08.02.2024;1134;8:45;;;;;;;;;;;;;;;;;;1034;;;;987;;;;;;;;;;
08.02.2024;1134;9:02;;;;;;;;;;;;;;;;;;;1050;;;;;;;;;;;;;
08.02.2024;1134;9:03;;;;;;;;;;;;;;;;;;;;;;;1085;;;;;;;;;
08.02.2024;1134;9:20;;;;;;;;;;;;;;;;;;;;;;;;;;;;1025;;;;
08.02.2024;1134;9:21;;;;;;;;;;;;;;;;;;;;;;;;;;;;;;;;1030
09.02.2024;1135;;;;;;;;;;;;;;;;;;;;;;;;;;;;;;;;;
10.02.2024;1136;;;;;;;;;;;;;;;;;;;;;;;;;;;;;;;;;
11.02.2024;1137;;;;;;;;;;;;;;;;;;;;;;;;;;;;;;;;;
12.02.2024;1138;;;;;;;;;;;;;;;;;;;;;;;;;;;;;;;;;
13.02.2024;1139;;;;;;;;;;;;;;;;;;;;;;;;;;;;;;;;;
14.02.2024;1140;;;;;;;;;;;;;;;;;;;;;;;;;;;;;;;;;
15.02.2024;1141;;;;;;;;;;;;;;;;;;;;;;;;;;;;;;;;;
16.02.2024;1142;16:28;;;;;;;;;;;;;;;;;;;;;;;;;;;;;1035;;;
16.02.2024;1142;16:47;;;;;;;;;;;;;;;;;;;;;;;;;;;;;;;;951
16.02.2024;1142;17:03;;;;;;;;;;;;;;;;;;969;;;;1004;;;;;;;;;;
16.02.2024;1142;17:34;;;;;;;;;;;;;;;;;;;1058;;;;;;;;;;;;;
16.02.2024;1142;17:35;;;;;;;;;;;;;;;;;;;;;;;1013;;;;;;;;;
16.02.2024;1142;18:21;;;;;;;;;;;;;;;;;;;;;;;;;962;;;;;;;
16.02.2024;1142;18:30;;;;;;;;;;;;;;;;;;;;;;;;;;;;1016;;;;
17.02.2024;1143;;;;;;;;;;;;;;;;;;;;;;;;;;;;;;;;;
18.02.2024;1144;;;;;;;;;;;;;;;;;;;;;;;;;;;;;;;;;
19.02.2024;1145;;;;;;;;;;;;;;;;;;;;;;;;;;;;;;;;;
20.02.2024;1146;;;;;;;;;;;;;;;;;;;;;;;;;;;;;;;;;
21.02.2024;1147;;;;;;;;;;;;;;;;;;;;;;;;;;;;;;;;;
22.02.2024;1148;14:03;;;;;;;;;;;;;;;;;;;;;;;;;1000;;;;;;;
22.02.2024;1148;14:04;;;;;;;;;;;;;;;;;;;;;;;;;;;;;961;;;
22.02.2024;1148;14:24;;;;;;;;;;;;;;;;;;1037;;;;;;;;;;;;;;
22.02.2024;1148;14:25;;;;;;;;;;;;;;;;;;;;;;974;;;;;;;;;;
22.02.2024;1148;14:44;;;;;;;;;;;;;;;;;;;;;;;986;;;;;;;;;
22.02.2024;1148;14:45;;;;;;;;;;;;;;;;;;;1008;;;;;;;;;;;;;
22.02.2024;1148;15:05;;;;;;;;;;;;;;;;;;;;;;;;;;;;;;;;959
22.02.2024;1148;15:06;;;;;;;;;;;;;;;;;;;;;;;;;;;;951;;;;
23.02.2024;1149;;;;;;;;;;;;;;;;;;;;;;;;;;;;;;;;;
24.02.2024;1150;;;;;;;;;;;;;;;;;;;;;;;;;;;;;;;;;
25.02.2024;1151;;;;;;;;;;;;;;;;;;;;;;;;;;;;;;;;;
26.02.2024;1152;;;;;;;;;;;;;;;;;;;;;;;;;;;;;;;;;
27.02.2024;1153;;;;;;;;;;;;;;;;;;;;;;;;;;;;;;;;;
28.02.2024;1154;10:58;;;;;;;;;;;;;;;;;;;;;;;;;1015;;;;;;;
28.02.2024;1154;10:59;;;;;;;;;;;;;;;;;;;;;;;;;;;;;1247;;;
28.02.2024;1154;11:20;;;;;;;;;;;;;;;;;;;;;;971;;;;;;;;;;
28.02.2024;1154;11:21;;;;;;;;;;;;;;;;;;1012;;;;;;;;;;;;;;
28.02.2024;1154;11:39;;;;;;;;;;;;;;;;;;;1002;;;;;;;;;;;;;
28.02.2024;1154;11:40;;;;;;;;;;;;;;;;;;;;;;;981;;;;;;;;;
28.02.2024;1154;11:55;;;;;;;;;;;;;;;;;;;;;;;;;;;;;;;;1034
28.02.2024;1154;11:56;;;;;;;;;;;;;;;;;;;;;;;;;;;;1010;;;;
29.02.2024;1155;17:10;;;;;;;;;;;;;;;;;;;;;;;;;;;;;826;;;
29.02.2024;1155;17:11;;;;;;;;;;;;;;;;;;;;;;;;;1016;;;;;;;
29.02.2024;1155;17:23;;;;;;;;;;;;;;;;;;983;;;;;;;;;;;;;;
29.02.2024;1155;17:24;;;;;;;;;;;;;;;;;;;;;;1036;;;;;;;;;;
29.02.2024;1155;17:36;;;;;;;;;;;;;;;;;;;1050;;;;1109;;;;;;;;;
29.02.2024;1155;17:49;;;;;;;;;;;;;;;;;;;;;;;;;;;;;;;;985
29.02.2024;1155;17:50;;;;;;;;;;;;;;;;;;;;;;;;;;;;1008;;;;
01.03.2024;1156;;;;;;;;;;;;;;;;;;;;;;;;;;;;;;;;;
02.03.2024;1157;;;;;;;;;;;;;;;;;;;;;;;;;;;;;;;;;
03.03.2024;1158;;;;;;;;;;;;;;;;;;;;;;;;;;;;;;;;;
04.03.2024;1159;;;;;;;;;;;;;;;;;;;;;;;;;;;;;;;;;
05.03.2024;1160;10:49;;;;;;;;;;;;;;;;;;;;;;;;;;;;;979;;;
05.03.2024;1160;10:50;;;;;;;;;;;;;;;;;;;;;;;;;962;;;;;;;
05.03.2024;1160;11:14;;;;;;;;;;;;;;;;;;952;;;;;;;;;;;;;;
05.03.2024;1160;11:15;;;;;;;;;;;;;;;;;;;;;;997;;;;;;;;;;
05.03.2024;1160;11:37;;;;;;;;;;;;;;;;;;;963;;;;;;;;;;;;;
05.03.2024;1160;11:38;;;;;;;;;;;;;;;;;;;;;;;993;;;;;;;;;
05.03.2024;1160;11:59;;;;;;;;;;;;;;;;;;;;;;;;;;;;1011;;;;
05.03.2024;1160;12:00;;;;;;;;;;;;;;;;;;;;;;;;;;;;;;;;966
06.03.2024;1161;;;;;;;;;;;;;;;;;;;;;;;;;;;;;;;;;
07.03.2024;1162;;;;;;;;;;;;;;;;;;;;;;;;;;;;;;;;;
08.03.2024;1163;;;;;;;;;;;;;;;;;;;;;;;;;;;;;;;;;
09.03.2024;1164;;;;;;;;;;;;;;;;;;;;;;;;;;;;;;;;;
10.03.2024;1165;;;;;;;;;;;;;;;;;;;;;;;;;;;;;;;;;
11.03.2024;1166;;;;;;;;;;;;;;;;;;;;;;;;;;;;;;;;;
12.03.2024;1167;;;;;;;;;;;;;;;;;;;;;;;;;;;;;;;;;
13.03.2024;1168;8:48;;;;;;;;;;;;;;;;;;;;;;;;;;;;;966;;;
13.03.2024;1168;8:49;;;;;;;;;;;;;;;;;;;;;;;;;992;;;;;;;
13.03.2024;1168;9:13;;;;;;;;;;;;;;;;;;;;;;996;;;;;;;;;;
13.03.2024;1168;9:15;;;;;;;;;;;;;;;;;;1035;;;;;;;;;;;;;;
13.03.2024;1168;9:41;;;;;;;;;;;;;;;;;;;;;;;1038;;;;;;;;;
13.03.2024;1168;9:42;;;;;;;;;;;;;;;;;;;958;;;;;;;;;;;;;
13.03.2024;1168;10:03;;;;;;;;;;;;;;;;;;;;;;;;;;;;;;;;1031
13.03.2024;1168;10:04;;;;;;;;;;;;;;;;;;;;;;;;;;;;997;;;;
14.03.2024;1169;16:22;;;;;;;;;;;;;;;;;;;;;;;;;995;;;;;;;
14.03.2024;1169;16:23;;;;;;;;;;;;;;;;;;;;;;;;;;;;;970;;;
14.03.2024;1169;16:46;;;;;;;;;;;;;;;;;;;;;;1018;;;;;;;;;;
14.03.2024;1169;16:47;;;;;;;;;;;;;;;;;;1018;;;;;;;;;;;;;;
14.03.2024;1169;17:02;;;;;;;;;;;;;;;;;;;995;;;;;;;;;;;;;
14.03.2024;1169;17:03;;;;;;;;;;;;;;;;;;;;;;;940;;;;;;;;;
14.03.2024;1169;17:20;;;;;;;;;;;;;;;;;;;;;;;;;;;;953;;;;996
15.03.2024;1170;;;;;;;;;;;;;;;;;;;;;;;;;;;;;;;;;
16.03.2024;1171;;;;;;;;;;;;;;;;;;;;;;;;;;;;;;;;;
17.03.2024;1172;;;;;;;;;;;;;;;;;;;;;;;;;;;;;;;;;
18.03.2024;1173;;;;;;;;;;;;;;;;;;;;;;;;;;;;;;;;;
19.03.2024;1174;;;;;;;;;;;;;;;;;;;;;;;;;;;;;;;;;
20.03.2024;1175;9:29;;;;;;;;;;;;;;;;;;;;;;;;;;;;;1108;;;
20.03.2024;1175;9:30;;;;;;;;;;;;;;;;;;;;;;;;;1008;;;;;;;
20.03.2024;1175;9:46;;;;;;;;;;;;;;;;;;867;;;;;;;;;;;;;;
20.03.2024;1175;9:47;;;;;;;;;;;;;;;;;;;;;;904;;;;;;;;;;
20.03.2024;1175;10:03;;;;;;;;;;;;;;;;;;;;;;;;;;;;;;;1133;
20.03.2024;1175;10:04;;;;;;;;;;;;;;;;;;;;;;;;;;;999;;;;;
20.03.2024;1175;10:21;;;;;;;;;;;;;;;;;;;;1008;;;;;;;;;;;;
20.03.2024;1175;10:22;;;;;;;;;;;;;;;;;;;;;;;;986;;;;;;;;
21.03.2024;1176;;;;;;;;;;;;;;;;;;;;;;;;;;;;;;;;;
22.03.2024;1177;;;;;;;;;;;;;;;;;;;;;;;;;;;;;;;;;
23.03.2024;1178;;;;;;;;;;;;;;;;;;;;;;;;;;;;;;;;;
24.03.2024;1179;;;;;;;;;;;;;;;;;;;;;;;;;;;;;;;;;
25.03.2024;1180;;;;;;;;;;;;;;;;;;;;;;;;;;;;;;;;;
26.03.2024;1181;;;;;;;;;;;;;;;;;;;;;;;;;;;;;;;;;
27.03.2024;1182;10:14;;;;;;;;;;;;;;;;;;;;;;;;;1025;;;;1138;;;
27.03.2024;1182;10:37;;;;;;;;;;;;;;;;;;;;;;989;;;;;;;;;;
27.03.2024;1182;10:38;;;;;;;;;;;;;;;;;;1030;;;;;;;;;;;;;;
27.03.2024;1182;10:58;;;;;;;;;;;;;;;;;;;;;;;;;;;984;;;;1010;
27.03.2024;1182;11:20;;;;;;;;;;;;;;;;;;;;;;;;1039;;;;;;;;
27.03.2024;1182;11:21;;;;;;;;;;;;;;;;;;;;1041;;;;;;;;;;;;
28.03.2024;1183;;;;;;;;;;;;;;;;;;;;;;;;;;;;;;;;;
29.03.2024;1184;;;;;;;;;;;;;;;;;;;;;;;;;;;;;;;;;
30.03.2024;1185;;;;;;;;;;;;;;;;;;;;;;;;;;;;;;;;;
31.03.2024;1186;;;;;;;;;;;;;;;;;;;;;;;;;;;;;;;;;
01.04.2024;1187;;;;;;;;;;;;;;;;;;;;;;;;;;;;;;;;;
02.04.2024;1188;;;;;;;;;;;;;;;;;;;;;;;;;;;;;;;;;
03.04.2024;1189;;;;;;;;;;;;;;;;;;;;;;;;;;;;;;;;;
04.04.2024;1190;10:30;;;;;;;;;;;;;;;;;;;;;;;;;982;;;;;;;
04.04.2024;1190;10:31;;;;;;;;;;;;;;;;;;;;;;;;;;;;;1045;;;
04.04.2024;1190;10:50;;;;;;;;;;;;;;;;;;;;;;975;;;;;;;;;;
04.04.2024;1190;10:51;;;;;;;;;;;;;;;;;;955;;;;;;;;;;;;;;
04.04.2024;1190;11:10;;;;;;;;;;;;;;;;;;;;;;;;;;;1008;;;;982;
04.04.2024;1190;11:31;;;;;;;;;;;;;;;;;;;;;;;;1010;;;;;;;;
04.04.2024;1190;11:32;;;;;;;;;;;;;;;;;;;;994;;;;;;;;;;;;
05.04.2024;1191;15:54;;;;;;;;;;;;;;;;;;;;;;;;;1035;;;;;;;
05.04.2024;1191;15:55;;;;;;;;;;;;;;;;;;;;;;;;;;;;;838;;;
05.04.2024;1191;16:14;;;;;;;;;;;;;;;;;;1050;;;;1037;;;;;;;;;;
05.04.2024;1191;16:34;;;;;;;;;;;;;;;;;;;;;;;;;;;1026;;;;;
05.04.2024;1191;16:35;;;;;;;;;;;;;;;;;;;;;;;;;;;;;;;1023;
05.04.2024;1191;16:48;;;;;;;;;;;;;;;;;;;;986;;;;;;;;;;;;
05.04.2024;1191;16:49;;;;;;;;;;;;;;;;;;;;;;;;994;;;;;;;;
06.04.2024;1192;;;;;;;;;;;;;;;;;;;;;;;;;;;;;;;;;
07.04.2024;1193;;;;;;;;;;;;;;;;;;;;;;;;;;;;;;;;;
08.04.2024;1194;;;;;;;;;;;;;;;;;;;;;;;;;;;;;;;;;
09.04.2024;1195;;;;;;;;;;;;;;;;;;;;;;;;;;;;;;;;;
10.04.2024;1196;;;;;;;;;;;;;;;;;;;;;;;;;;;;;;;;;
11.04.2024;1197;16:39;;;;;;;;;;;;;;;;;;;;;;;;;;;;;1012;;;
11.04.2024;1197;16:42;;;;;;;;;;;;;;;;;;;;;;;;;1031;;;;;;;
11.04.2024;1197;17:08;;;;;;;;;;;;;;;;;;977;;;;994;;;;;;;;;;
11.04.2024;1197;17:50;;;;;;;;;;;;;;;;;;;;;;;;;;;992;;;;1010;
11.04.2024;1197;18:14;;;;;;;;;;;;;;;;;;;;983;;;;;;;;;;;;
11.04.2024;1197;18:15;;;;;;;;;;;;;;;;;;;;;;;;995;;;;;;;;
12.04.2024;1198;;;;;;;;;;;;;;;;;;;;;;;;;;;;;;;;;
13.04.2024;1199;;;;;;;;;;;;;;;;;;;;;;;;;;;;;;;;;
14.04.2024;1200;;;;;;;;;;;;;;;;;;;;;;;;;;;;;;;;;
15.04.2024;1201;;;;;;;;;;;;;;;;;;;;;;;;;;;;;;;;;
16.04.2024;1202;;;;;;;;;;;;;;;;;;;;;;;;;;;;;;;;;
17.04.2024;1203;9:55;;;;;;;;;;;;;;;;;;;;;;;;;1028;;;;961;;;
17.04.2024;1203;10:18;;;;;;;;;;;;;;;;;;1010;;;;;;;;;;;;;;
17.04.2024;1203;10:19;;;;;;;;;;;;;;;;;;;;;;1034;;;;;;;;;;
17.04.2024;1203;10:40;;;;;;;;;;;;;;;;;;;;;;;;;;;1000;;;;;
17.04.2024;1203;10:41;;;;;;;;;;;;;;;;;;;;;;;;;;;;;;;1009;
17.04.2024;1203;11:03;;;;;;;;;;;;;;;;;;;;1020;;;;1053;;;;;;;;
18.04.2024;1204;;;;;;;;;;;;;;;;;;;;;;;;;;;;;;;;;
19.04.2024;1205;;;;;;;;;;;;;;;;;;;;;;;;;;;;;;;;;
20.04.2024;1206;;;;;;;;;;;;;;;;;;;;;;;;;;;;;;;;;
21.04.2024;1207;;;;;;;;;;;;;;;;;;;;;;;;;;;;;;;;;
22.04.2024;1208;;;;;;;;;;;;;;;;;;;;;;;;;;;;;;;;;
23.04.2024;1209;;;;;;;;;;;;;;;;;;;;;;;;;;;;;;;;;
24.04.2024;1210;;;;;;;;;;;;;;;;;;;;;;;;;;;;;;;;;
25.04.2024;1211;11:12;;;;;;;;;;;;;;;;;;;;;;;;;;;;;1061;;;
25.04.2024;1211;11:13;;;;;;;;;;;;;;;;;;;;;;;;;1045;;;;;;;
25.04.2024;1211;11:34;;;;;;;;;;;;;;;;;;;;;;;;;;965;;;;;;
25.04.2024;1211;11:35;;;;;;;;;;;;;;;;;;961;;;;;;;;;;;;;;
25.04.2024;1211;11:53;;;;;;;;;;;;;;;;;;;;;;;;;;;;;;;985;
25.04.2024;1211;11:54;;;;;;;;;;;;;;;;;;;;;;;;;;;1000;;;;;
25.04.2024;1211;12:13;;;;;;;;;;;;;;;;;;;;;;;;1013;;;;;;;;
25.04.2024;1211;12:14;;;;;;;;;;;;;;;;;;;;1064;;;;;;;;;;;;
25.04.2024;1211;19:14;;;;;;;;;;;;;;;;;;;;;;954;;;;;;;;;;
26.04.2024;1212;;;;;;;;;;;;;;;;;;;;;;;;;;;;;;;;;
27.04.2024;1213;;;;;;;;;;;;;;;;;;;;;;;;;;;;;;;;;
28.04.2024;1214;;;;;;;;;;;;;;;;;;;;;;;;;;;;;;;;;
29.04.2024;1215;;;;;;;;;;;;;;;;;;;;;;;;;;;;;;;;;
30.04.2024;1216;;;;;;;;;;;;;;;;;;;;;;;;;;;;;;;;;
01.05.2024;1217;12:32;;;;;;;;;;;;;;;;;1013;;;;;;;;;;;;;;;
01.05.2024;1217;12:33;;;;;;;;;;;;;;;;;;;;;;;;;;;;;1375;;;
01.05.2024;1217;12:34;;;;;;;;;;;;;;;;;;;;;;;;;1007;;;;;;;
01.05.2024;1217;12:35;;;;;;;;;;;;;;;;;;;;;950;;;;;;;;;;;
01.05.2024;1217;13:14;;;;;;;;;;;;;;;;;;;950;;;;;;;;;;;;;
01.05.2024;1217;13:15;;;;;;;;;;;;;;;;;;;;;;;983;;;;1040;;;;1034;
02.05.2024;1218;10:52;;;;;;;;;;;;;;;;;;;;;;;;;;;;;1007;;;
02.05.2024;1218;10:54;;;;;;;;;;;;;;;;;;;;;;;;;953;;;;;;;
02.05.2024;1218;10:55;;;;;;;;;;;;;;;;;;;;;969;;;;;;;;;;;
02.05.2024;1218;10:56;;;;;;;;;;;;;;;;;980;;;;;;;;;;;;;;;
02.05.2024;1218;11:41;;;;;;;;;;;;;;;;;;;;;;;;;;;;;;;977;
02.05.2024;1218;11:42;;;;;;;;;;;;;;;;;;;;;;;984;;;;979;;;;;
02.05.2024;1218;11:43;;;;;;;;;;;;;;;;;;;998;;;;;;;;;;;;;
03.05.2024;1219;;;;;;;;;;;;;;;;;;;;;;;;;;;;;;;;;
04.05.2024;1220;;;;;;;;;;;;;;;;;;;;;;;;;;;;;;;;;
05.05.2024;1221;;;;;;;;;;;;;;;;;;;;;;;;;;;;;;;;;
06.05.2024;1222;;;;;;;;;;;;;;;;;;;;;;;;;;;;;;;;;
07.05.2024;1223;;;;;;;;;;;;;;;;;;;;;;;;;;;;;;;;;
08.05.2024;1224;13:39;;;;;;;;;;;;;;;;;994;;;;;;;;;;;;;;;
08.05.2024;1224;13:40;;;;;;;;;;;;;;;;;;;;;1045;;;;;;;;;;;
08.05.2024;1224;13:41;;;;;;;;;;;;;;;;;;;;;;;;;;;;;1019;;;
08.05.2024;1224;13:42;;;;;;;;;;;;;;;;;;;;;;;;;981;;;;;;;
08.05.2024;1224;14:10;;;;;;;;;;;;;;;;;;;;;;;1025;;;;;;;;;
08.05.2024;1224;14:11;;;;;;;;;;;;;;;;;;;950;;;;;;;;;;;;;
08.05.2024;1224;14:12;;;;;;;;;;;;;;;;;;;;;;;;;;;1001;;;;;
08.05.2024;1224;14:13;;;;;;;;;;;;;;;;;;;;;;;;;;;;;;;1025;
09.05.2024;1225;;;;;;;;;;;;;;;;;;;;;;;;;;;;;;;;;
10.05.2024;1226;;;;;;;;;;;;;;;;;;;;;;;;;;;;;;;;;
11.05.2024;1227;;;;;;;;;;;;;;;;;;;;;;;;;;;;;;;;;
12.05.2024;1228;;;;;;;;;;;;;;;;;;;;;;;;;;;;;;;;;
13.05.2024;1229;;;;;;;;;;;;;;;;;;;;;;;;;;;;;;;;;
14.05.2024;1230;;;;;;;;;;;;;;;;;;;;;;;;;;;;;;;;;
15.05.2024;1231;;;;;;;;;;;;;;;;;;;;;;;;;;;;;;;;;
16.05.2024;1232;9:32;;;;;;;;;;;;;;;;;996;;;;;;;;;;;;;;;
16.05.2024;1232;9:33;;;;;;;;;;;;;;;;;;;;;1029;;;;1049;;;;;;;
16.05.2024;1232;9:34;;;;;;;;;;;;;;;;;;;;;;;;;;;;;1026;;;
16.05.2024;1232;10:06;;;;;;;;;;;;;;;;;;;1048;;;;;;;;;;;;;
16.05.2024;1232;10:07;;;;;;;;;;;;;;;;;;;;;;;1010;;;;1007;;;;;
16.05.2024;1232;10:08;;;;;;;;;;;;;;;;;;;;;;;;;;;;;;;1036;
17.05.2024;1233;;;;;;;;;;;;;;;;;;;;;;;;;;;;;;;;;
18.05.2024;1234;;;;;;;;;;;;;;;;;;;;;;;;;;;;;;;;;
19.05.2024;1235;;;;;;;;;;;;;;;;;;;;;;;;;;;;;;;;;
20.05.2024;1236;;;;;;;;;;;;;;;;;;;;;;;;;;;;;;;;;
21.05.2024;1237;;;;;;;;;;;;;;;;;;;;;;;;;;;;;;;;;
22.05.2024;1238;;;;;;;;;;;;;;;;;;;;;;;;;;;;;;;;;
23.05.2024;1239;11:46;;;;;;;;;;;;;;;;;1038;;;;;;;;;;;;;;;
23.05.2024;1239;11:47;;;;;;;;;;;;;;;;;;;;;984;;;;;;;;;;;
23.05.2024;1239;11:48;;;;;;;;;;;;;;;;;;;;;;;;;986;;;;1014;;;
23.05.2024;1239;12:35;;;;;;;;;;;;;;;;;;;;;;;;;;;;;;;1037;
23.05.2024;1239;12:37;;;;;;;;;;;;;;;;;;;;;;;968;;;;;;;;;
23.05.2024;1239;12:38;;;;;;;;;;;;;;;;;;;982;;;;;;;;993;;;;;
24.05.2024;1240;;;;;;;;;;;;;;;;;;;;;;;;;;;;;;;;;
25.05.2024;1241;;;;;;;;;;;;;;;;;;;;;;;;;;;;;;;;;
26.05.2024;1242;;;;;;;;;;;;;;;;;;;;;;;;;;;;;;;;;
27.05.2024;1243;;;;;;;;;;;;;;;;;;;;;;;;;;;;;;;;;
28.05.2024;1244;11:22;;;;;;;;;;;;;;;;;978;;;;985;;;;982;;;;955;;;
28.05.2024;1244;11:46;;;;;;;;;;;;;;;;;;;975;;;;1004;;;;;;;;;
28.05.2024;1244;11:47;;;;;;;;;;;;;;;;;;;;;;;;;;;959;;;;901;
29.05.2024;1245;;;;;;;;;;;;;;;;;;;;;;;;;;;;;;;;;
30.05.2024;1246;;;;;;;;;;;;;;;;;;;;;;;;;;;;;;;;;
31.05.2024;1247;;;;;;;;;;;;;;;;;;;;;;;;;;;;;;;;;
01.06.2024;1248;;;;;;;;;;;;;;;;;;;;;;;;;;;;;;;;;
02.06.2024;1249;11:37;;;;;;;;;;;;;;;;;;;;;;;;;;;;;1032;;;
02.06.2024;1249;11:38;;;;;;;;;;;;;;;;;964;;;;;;;;976;;;;;;;
02.06.2024;1249;11:39;;;;;;;;;;;;;;;;;;;;;1005;;;;;;;;;;;
02.06.2024;1249;12:09;;;;;;;;;;;;;;;;;;;;;;;;;;;;;;;972;
02.06.2024;1249;12:10;;;;;;;;;;;;;;;;;;;;;;;993;;;;1006;;;;;
02.06.2024;1249;12:11;;;;;;;;;;;;;;;;;;;1017;;;;;;;;;;;;;
03.06.2024;1250;;;;;;;;;;;;;;;;;;;;;;;;;;;;;;;;;
04.06.2024;1251;;;;;;;;;;;;;;;;;;;;;;;;;;;;;;;;;
05.06.2024;1252;13:30;;;;;;;;;;;;;;;;;990;;;;;;;;;;;;;;;
05.06.2024;1252;13:31;;;;;;;;;;;;;;;;;;;;;991;;;;;;;;;;;
05.06.2024;1252;13:32;;;;;;;;;;;;;;;;;;;;;;;;;1001;;;;966;;;
05.06.2024;1252;13:59;;;;;;;;;;;;;;;;;;;1005;;;;;;;;;;;;;
05.06.2024;1252;14:00;;;;;;;;;;;;;;;;;;;;;;;1035;;;;;;;;;
05.06.2024;1252;14:01;;;;;;;;;;;;;;;;;;;;;;;;;;;1038;;;;;
05.06.2024;1252;14:02;;;;;;;;;;;;;;;;;;;;;;;;;;;;;;;1030;
06.06.2024;1253;;;;;;;;;;;;;;;;;;;;;;;;;;;;;;;;;
07.06.2024;1254;;;;;;;;;;;;;;;;;;;;;;;;;;;;;;;;;
08.06.2024;1255;;;;;;;;;;;;;;;;;;;;;;;;;;;;;;;;;
09.06.2024;1256;13:17;;;;;;;;;;;;;;;;;;;;;;;;;1013;;;;982;;;
09.06.2024;1256;13:18;;;;;;;;;;;;;;;;;999;;;;1004;;;;;;;;;;;
09.06.2024;1256;13:47;;;;;;;;;;;;;;;;;;;;;;;;;;;1024;;;;;
09.06.2024;1256;13:48;;;;;;;;;;;;;;;;;;;;;;;;;;;;;;;1050;
09.06.2024;1256;13:49;;;;;;;;;;;;;;;;;;;1020;;;;1041;;;;;;;;;
10.06.2024;1257;;;;;;;;;;;;;;;;;;;;;;;;;;;;;;;;;
11.06.2024;1258;;;;;;;;;;;;;;;;;;;;;;;;;;;;;;;;;
12.06.2024;1259;18:54;;;;;;;;;;;;;;;;;;;;;1008;;;;;;;;994;;;
12.06.2024;1259;18:55;;;;;;;;;;;;;;;;;;;;;;;;;955;;;;;;;
12.06.2024;1259;19:18;;;;;;;;;;;;;;;;;;;;;;;976;;;;;;;;;
12.06.2024;1259;19:19;;;;;;;;;;;;;;;;;;;;;;;;;;;;;;;997;
12.06.2024;1259;19:20;;;;;;;;;;;;;;;;;;;;;;;;;;;966;;;;;
13.06.2024;1260;16:48;;;;;;;;;;;;;;;;;982;;;;;;;;;;;;;;;
13.06.2024;1260;17:05;;;;;;;;;;;;;;;;;;;960;;;;;;;;;;;;;
14.06.2024;1261;;;;;;;;;;;;;;;;;;;;;;;;;;;;;;;;;
15.06.2024;1262;;;;;;;;;;;;;;;;;;;;;;;;;;;;;;;;;
16.06.2024;1263;;;;;;;;;;;;;;;;;;;;;;;;;;;;;;;;;
17.06.2024;1264;;;;;;;;;;;;;;;;;;;;;;;;;;;;;;;;;
18.06.2024;1265;;;;;;;;;;;;;;;;;;;;;;;;;;;;;;;;;
19.06.2024;1266;;;;;;;;;;;;;;;;;;;;;;;;;;;;;;;;;
20.06.2024;1267;;;;;;;;;;;;;;;;;;;;;;;;;;;;;;;;;
21.06.2024;1268;;;;;;;;;;;;;;;;;;;;;;;;;;;;;;;;;
22.06.2024;1269;;;;;;;;;;;;;;;;;;;;;;;;;;;;;;;;;
23.06.2024;1270;;;;;;;;;;;;;;;;;;;;;;;;;;;;;;;;;
24.06.2024;1271;;;;;;;;;;;;;;;;;;;;;;;;;;;;;;;;;
25.06.2024;1272;;;;;;;;;;;;;;;;;;;;;;;;;;;;;;;;;
26.06.2024;1273;;;;;;;;;;;;;;;;;;;;;;;;;;;;;;;;;
27.06.2024;1274;;;;;;;;;;;;;;;;;;;;;;;;;;;;;;;;;
28.06.2024;1275;;;;;;;;;;;;;;;;;;;;;;;;;;;;;;;;;
29.06.2024;1276;;;;;;;;;;;;;;;;;;;;;;;;;;;;;;;;;
30.06.2024;1277;;;;;;;;;;;;;;;;;;;;;;;;;;;;;;;;;
01.07.2024;1278;;;;;;;;;;;;;;;;;;;;;;;;;;;;;;;;;
02.07.2024;1279;;;;;;;;;;;;;;;;;;;;;;;;;;;;;;;;;
03.07.2024;1280;;;;;;;;;;;;;;;;;;;;;;;;;;;;;;;;;
04.07.2024;1281;;;;;;;;;;;;;;;;;;;;;;;;;;;;;;;;;
05.07.2024;1282;;;;;;;;;;;;;;;;;;;;;;;;;;;;;;;;;
06.07.2024;1283;;;;;;;;;;;;;;;;;;;;;;;;;;;;;;;;;
07.07.2024;1284;;;;;;;;;;;;;;;;;;;;;;;;;;;;;;;;;
08.07.2024;1285;;;;;;;;;;;;;;;;;;;;;;;;;;;;;;;;;
09.07.2024;1286;13:39;;;;;;;;;976;;;;1041;;;;;;;;;;;;;;;;;;;
09.07.2024;1286;13:40;998;;;;1006;;;;;;;;;;;;;;;;;;;;;;;;;;;
09.07.2024;1286;14:15;;;;;;;;;;;;;;1028;;;;;;;;;;;;;;;;;;
09.07.2024;1286;14:17;;;;;;;;;;1071;;;;;;;;;;;;;;;;;;;;;;
09.07.2024;1286;14:18;;;;;;865;;;;;;;;;;;;;;;;;;;;;;;;;;
09.07.2024;1286;14:20;;1001;;;;;;;;;;;;;;;;;;;;;;;;;;;;;;
10.07.2024;1287;;;;;;;;;;;;;;;;;;;;;;;;;;;;;;;;;
11.07.2024;1288;;;;;;;;;;;;;;;;;;;;;;;;;;;;;;;;;
12.07.2024;1289;;;;;;;;;;;;;;;;;;;;;;;;;;;;;;;;;
13.07.2024;1290;;;;;;;;;;;;;;;;;;;;;;;;;;;;;;;;;
14.07.2024;1291;;;;;;;;;;;;;;;;;;;;;;;;;;;;;;;;;
15.07.2024;1292;;;;;;;;;;;;;;;;;;;;;;;;;;;;;;;;;
16.07.2024;1293;;;;;;;;;;;;;;;;;;;;;;;;;;;;;;;;;
17.07.2024;1294;;;;;;;;;;;;;;;;;;;;;;;;;;;;;;;;;
18.07.2024;1295;;;;;;;;;;;;;;;;;;;;;;;;;;;;;;;;;
19.07.2024;1296;;;;;;;;;;;;;;;;;;;;;;;;;;;;;;;;;
20.07.2024;1297;;;;;;;;;;;;;;;;;;;;;;;;;;;;;;;;;
21.07.2024;1298;;;;;;;;;;;;;;;;;;;;;;;;;;;;;;;;;
22.07.2024;1299;;;;;;;;;;;;;;;;;;;;;;;;;;;;;;;;;
23.07.2024;1300;;;;;;;;;;;;;;;;;;;;;;;;;;;;;;;;;
24.07.2024;1301;;;;;;;;;;;;;;;;;;;;;;;;;;;;;;;;;
25.07.2024;1302;;;;;;;;;;;;;;;;;;;;;;;;;;;;;;;;;
26.07.2024;1303;;;;;;;;;;;;;;;;;;;;;;;;;;;;;;;;;
27.07.2024;1304;;;;;;;;;;;;;;;;;;;;;;;;;;;;;;;;;
28.07.2024;1305;;;;;;;;;;;;;;;;;;;;;;;;;;;;;;;;;
29.07.2024;1306;;;;;;;;;;;;;;;;;;;;;;;;;;;;;;;;;
30.07.2024;1307;;;;;;;;;;;;;;;;;;;;;;;;;;;;;;;;;
31.07.2024;1308;;;;;;;;;;;;;;;;;;;;;;;;;;;;;;;;;
01.08.2024;1309;;;;;;;;;;;;;;;;;;;;;;;;;;;;;;;;;
02.08.2024;1310;;;;;;;;;;;;;;;;;;;;;;;;;;;;;;;;;
03.08.2024;1311;;;;;;;;;;;;;;;;;;;;;;;;;;;;;;;;;
04.08.2024;1312;;;;;;;;;;;;;;;;;;;;;;;;;;;;;;;;;
05.08.2024;1313;;;;;;;;;;;;;;;;;;;;;;;;;;;;;;;;;
06.08.2024;1314;;;;;;;;;;;;;;;;;;;;;;;;;;;;;;;;;
07.08.2024;1315;;;;;;;;;;;;;;;;;;;;;;;;;;;;;;;;;
08.08.2024;1316;;;;;;;;;;;;;;;;;;;;;;;;;;;;;;;;;
09.08.2024;1317;;;;;;;;;;;;;;;;;;;;;;;;;;;;;;;;;
10.08.2024;1318;;;;;;;;;;;;;;;;;;;;;;;;;;;;;;;;;
11.08.2024;1319;;;;;;;;;;;;;;;;;;;;;;;;;;;;;;;;;
12.08.2024;1320;;;;;;;;;;;;;;;;;;;;;;;;;;;;;;;;;
13.08.2024;1321;;;;;;;;;;;;;;;;;;;;;;;;;;;;;;;;;
